#VRML V2.0 utf8
# 3D model generated by kicad-lcsc-manager
# Based on easyeda2kicad.py v1.0.1

Shape{
    appearance Appearance {
        material  Material {
            diffuseColor 0.7686274509803922 0.7686274509803922 0.7686274509803922
            specularColor 0.615686274509804 0.615686274509804 0.615686274509804
            ambientIntensity 0.7686
            transparency 0.0
            shininess 0.5
        }
    }
    geometry IndexedFaceSet {
        ccw TRUE
        solid FALSE
        coord DEF co Coordinate {
            point [
                -0.8465 0.3149 0.6929, -0.9252 0.3149 0.6929, -0.8465 -1.2035 0.6929, -0.9252 -1.2035 0.6929, -0.8465 0.3149 0.5354, -0.9252 0.3149 0.5354, -0.8465 0.3543 0.5354, -0.9252 0.3543 0.5354, -0.8465 0.3543 0.3386, -0.9252 0.3543 0.3386, -0.8465 0.3149 0.3386, -0.9252 0.3149 0.3386, -0.8465 0.3149 0.1974, -0.9252 0.3149 0.1974, -0.8465 0.4724 0.1065, -0.9252 0.4724 0.1065, -0.9252 0.5974 0.0845, -0.8465 0.5974 0.0845, -0.8465 0.6299 0.0457, -0.8465 0.6299 0.0, -0.9252 0.6299 0.0457, -0.9252 0.6299 0.0, -0.8465 0.2756 0.0, -0.9252 0.2756 0.0, -0.8465 0.2756 0.0827, -0.9252 0.2756 0.0827, -0.8465 -1.2823 0.0827, -0.9252 -1.2823 0.0827, -0.8465 -1.2823 0.1741, -0.9252 -1.2823 0.1741, -0.8465 -1.2811 0.1834, -0.9252 -1.2811 0.1834, -0.8465 -1.2779 0.1922, -0.9252 -1.2779 0.1922, -0.8465 -1.2726 0.1999, -0.9252 -1.2726 0.1999, -0.8465 -1.2657 0.2062, -0.9252 -1.2657 0.2062, -0.8465 -1.2575 0.2107, -0.9252 -1.2575 0.2107, -0.8465 -1.1206 0.2654, -0.9252 -1.1206 0.2654, -0.8465 -1.0847 0.276, -0.9252 -1.0847 0.276, -0.8465 -1.0475 0.2795, -0.9252 -1.0475 0.2795, -0.8465 -0.7704 0.2795, -0.9252 -0.7704 0.2795, -0.8465 -0.7704 0.6142, -0.9252 -0.7704 0.6142, -0.8465 -1.2035 0.6142, -0.9252 -1.2035 0.6142, -0.9252 0.6257 0.0634, -0.9252 0.6288 0.0548, -0.9252 0.6207 0.071, -0.9252 0.614 0.0773, -0.9252 0.6061 0.0819, -0.8465 0.6288 0.0548, -0.8465 0.6257 0.0634, -0.8465 0.6207 0.071, -0.8465 0.6061 0.0819, -0.8465 0.614 0.0773, -0.6496 0.3149 0.6929, -0.7284 0.3149 0.6929, -0.6496 -1.2035 0.6929, -0.7284 -1.2035 0.6929, -0.6496 0.3149 0.5354, -0.7284 0.3149 0.5354, -0.6496 0.3543 0.5354, -0.7284 0.3543 0.5354, -0.6496 0.3543 0.3386, -0.7284 0.3543 0.3386, -0.6496 0.3149 0.3386, -0.7284 0.3149 0.3386, -0.6496 0.3149 0.1974, -0.7284 0.3149 0.1974, -0.6496 0.4724 0.1065, -0.7284 0.4724 0.1065, -0.7284 0.5974 0.0845, -0.6496 0.5974 0.0845, -0.6496 0.6299 0.0457, -0.6496 0.6299 0.0, -0.7284 0.6299 0.0457, -0.7284 0.6299 0.0, -0.6496 0.2756 0.0, -0.7284 0.2756 0.0, -0.6496 0.2756 0.0827, -0.7284 0.2756 0.0827, -0.6496 -1.2823 0.0827, -0.7284 -1.2823 0.0827, -0.6496 -1.2823 0.1741, -0.7284 -1.2823 0.1741, -0.6496 -1.2811 0.1834, -0.7284 -1.2811 0.1834, -0.6496 -1.2779 0.1922, -0.7284 -1.2779 0.1922, -0.6496 -1.2726 0.1999, -0.7284 -1.2726 0.1999, -0.6496 -1.2657 0.2062, -0.7284 -1.2657 0.2062, -0.6496 -1.2575 0.2107, -0.7284 -1.2575 0.2107, -0.6496 -1.1206 0.2654, -0.7284 -1.1206 0.2654, -0.6496 -1.0847 0.276, -0.7284 -1.0847 0.276, -0.6496 -1.0475 0.2795, -0.7284 -1.0475 0.2795, -0.6496 -0.7704 0.2795, -0.7284 -0.7704 0.2795, -0.6496 -0.7704 0.6142, -0.7284 -0.7704 0.6142, -0.6496 -1.2035 0.6142, -0.7284 -1.2035 0.6142, -0.7284 0.6257 0.0634, -0.7284 0.6288 0.0548, -0.7284 0.6207 0.071, -0.7284 0.614 0.0773, -0.7284 0.6061 0.0819, -0.6496 0.6288 0.0548, -0.6496 0.6257 0.0634, -0.6496 0.6207 0.071, -0.6496 0.6061 0.0819, -0.6496 0.614 0.0773, -0.4528 0.3149 0.6929, -0.5315 0.3149 0.6929, -0.4528 -1.2035 0.6929, -0.5315 -1.2035 0.6929, -0.4528 0.3149 0.5354, -0.5315 0.3149 0.5354, -0.4528 0.3543 0.5354, -0.5315 0.3543 0.5354, -0.4528 0.3543 0.3386, -0.5315 0.3543 0.3386, -0.4528 0.3149 0.3386, -0.5315 0.3149 0.3386, -0.4528 0.3149 0.1974, -0.5315 0.3149 0.1974, -0.4528 0.4724 0.1065, -0.5315 0.4724 0.1065, -0.5315 0.5974 0.0845, -0.4528 0.5974 0.0845, -0.4528 0.6299 0.0457, -0.4528 0.6299 0.0, -0.5315 0.6299 0.0457, -0.5315 0.6299 0.0, -0.4528 0.2756 0.0, -0.5315 0.2756 0.0, -0.4528 0.2756 0.0827, -0.5315 0.2756 0.0827, -0.4528 -1.2823 0.0827, -0.5315 -1.2823 0.0827, -0.4528 -1.2823 0.1741, -0.5315 -1.2823 0.1741, -0.4528 -1.2811 0.1834, -0.5315 -1.2811 0.1834, -0.4528 -1.2779 0.1922, -0.5315 -1.2779 0.1922, -0.4528 -1.2726 0.1999, -0.5315 -1.2726 0.1999, -0.4528 -1.2657 0.2062, -0.5315 -1.2657 0.2062, -0.4528 -1.2575 0.2107, -0.5315 -1.2575 0.2107, -0.4528 -1.1206 0.2654, -0.5315 -1.1206 0.2654, -0.4528 -1.0847 0.276, -0.5315 -1.0847 0.276, -0.4528 -1.0475 0.2795, -0.5315 -1.0475 0.2795, -0.4528 -0.7704 0.2795, -0.5315 -0.7704 0.2795, -0.4528 -0.7704 0.6142, -0.5315 -0.7704 0.6142, -0.4528 -1.2035 0.6142, -0.5315 -1.2035 0.6142, -0.5315 0.6257 0.0634, -0.5315 0.6288 0.0548, -0.5315 0.6207 0.071, -0.5315 0.614 0.0773, -0.5315 0.6061 0.0819, -0.4528 0.6288 0.0548, -0.4528 0.6257 0.0634, -0.4528 0.6207 0.071, -0.4528 0.6061 0.0819, -0.4528 0.614 0.0773, -0.2559 0.3149 0.6929, -0.3347 0.3149 0.6929, -0.2559 -1.2035 0.6929, -0.3347 -1.2035 0.6929, -0.2559 0.3149 0.5354, -0.3347 0.3149 0.5354, -0.2559 0.3543 0.5354, -0.3347 0.3543 0.5354, -0.2559 0.3543 0.3386, -0.3347 0.3543 0.3386, -0.2559 0.3149 0.3386, -0.3347 0.3149 0.3386, -0.2559 0.3149 0.1974, -0.3347 0.3149 0.1974, -0.2559 0.4724 0.1065, -0.3347 0.4724 0.1065, -0.3347 0.5974 0.0845, -0.2559 0.5974 0.0845, -0.2559 0.6299 0.0457, -0.2559 0.6299 0.0, -0.3347 0.6299 0.0457, -0.3347 0.6299 0.0, -0.2559 0.2756 0.0, -0.3347 0.2756 0.0, -0.2559 0.2756 0.0827, -0.3347 0.2756 0.0827, -0.2559 -1.2823 0.0827, -0.3347 -1.2823 0.0827, -0.2559 -1.2823 0.1741, -0.3347 -1.2823 0.1741, -0.2559 -1.2811 0.1834, -0.3347 -1.2811 0.1834, -0.2559 -1.2779 0.1922, -0.3347 -1.2779 0.1922, -0.2559 -1.2726 0.1999, -0.3347 -1.2726 0.1999, -0.2559 -1.2657 0.2062, -0.3347 -1.2657 0.2062, -0.2559 -1.2575 0.2107, -0.3347 -1.2575 0.2107, -0.2559 -1.1206 0.2654, -0.3347 -1.1206 0.2654, -0.2559 -1.0847 0.276, -0.3347 -1.0847 0.276, -0.2559 -1.0475 0.2795, -0.3347 -1.0475 0.2795, -0.2559 -0.7704 0.2795, -0.3347 -0.7704 0.2795, -0.2559 -0.7704 0.6142, -0.3347 -0.7704 0.6142, -0.2559 -1.2035 0.6142, -0.3347 -1.2035 0.6142, -0.3347 0.6257 0.0634, -0.3347 0.6288 0.0548, -0.3347 0.6207 0.071, -0.3347 0.614 0.0773, -0.3347 0.6061 0.0819, -0.2559 0.6288 0.0548, -0.2559 0.6257 0.0634, -0.2559 0.6207 0.071, -0.2559 0.6061 0.0819, -0.2559 0.614 0.0773, -0.0591 0.3149 0.6929, -0.1378 0.3149 0.6929, -0.0591 -1.2035 0.6929, -0.1378 -1.2035 0.6929, -0.0591 0.3149 0.5354, -0.1378 0.3149 0.5354, -0.0591 0.3543 0.5354, -0.1378 0.3543 0.5354, -0.0591 0.3543 0.3386, -0.1378 0.3543 0.3386, -0.0591 0.3149 0.3386, -0.1378 0.3149 0.3386, -0.0591 0.3149 0.1974, -0.1378 0.3149 0.1974, -0.0591 0.4724 0.1065, -0.1378 0.4724 0.1065, -0.1378 0.5974 0.0845, -0.0591 0.5974 0.0845, -0.0591 0.6299 0.0457, -0.0591 0.6299 0.0, -0.1378 0.6299 0.0457, -0.1378 0.6299 0.0, -0.0591 0.2756 0.0, -0.1378 0.2756 0.0, -0.0591 0.2756 0.0827, -0.1378 0.2756 0.0827, -0.0591 -1.2823 0.0827, -0.1378 -1.2823 0.0827, -0.0591 -1.2823 0.1741, -0.1378 -1.2823 0.1741, -0.0591 -1.2811 0.1834, -0.1378 -1.2811 0.1834, -0.0591 -1.2779 0.1922, -0.1378 -1.2779 0.1922, -0.0591 -1.2726 0.1999, -0.1378 -1.2726 0.1999, -0.0591 -1.2657 0.2062, -0.1378 -1.2657 0.2062, -0.0591 -1.2575 0.2107, -0.1378 -1.2575 0.2107, -0.0591 -1.1206 0.2654, -0.1378 -1.1206 0.2654, -0.0591 -1.0847 0.276, -0.1378 -1.0847 0.276, -0.0591 -1.0475 0.2795, -0.1378 -1.0475 0.2795, -0.0591 -0.7704 0.2795, -0.1378 -0.7704 0.2795, -0.0591 -0.7704 0.6142, -0.1378 -0.7704 0.6142, -0.0591 -1.2035 0.6142, -0.1378 -1.2035 0.6142, -0.1378 0.614 0.0773, -0.1378 0.6207 0.071, -0.1378 0.6257 0.0634, -0.1378 0.6061 0.0819, -0.1378 0.6288 0.0548, -0.0591 0.6257 0.0634, -0.0591 0.6207 0.071, -0.0591 0.614 0.0773, -0.0591 0.6061 0.0819, -0.0591 0.6288 0.0548, 0.1378 0.3149 0.6929, 0.059 0.3149 0.6929, 0.1378 -1.2035 0.6929, 0.059 -1.2035 0.6929, 0.1378 0.3149 0.5354, 0.059 0.3149 0.5354, 0.1378 0.3543 0.5354, 0.059 0.3543 0.5354, 0.1378 0.3543 0.3386, 0.059 0.3543 0.3386, 0.1378 0.3149 0.3386, 0.059 0.3149 0.3386, 0.1378 0.3149 0.1974, 0.059 0.3149 0.1974, 0.1378 0.4724 0.1065, 0.059 0.4724 0.1065, 0.059 0.5974 0.0845, 0.1378 0.5974 0.0845, 0.1378 0.6299 0.0457, 0.1378 0.6299 0.0, 0.059 0.6299 0.0457, 0.059 0.6299 0.0, 0.1378 0.2756 0.0, 0.059 0.2756 0.0, 0.1378 0.2756 0.0827, 0.059 0.2756 0.0827, 0.1378 -1.2823 0.0827, 0.059 -1.2823 0.0827, 0.1378 -1.2823 0.1741, 0.059 -1.2823 0.1741, 0.1378 -1.2811 0.1834, 0.059 -1.2811 0.1834, 0.1378 -1.2779 0.1922, 0.059 -1.2779 0.1922, 0.1378 -1.2726 0.1999, 0.059 -1.2726 0.1999, 0.1378 -1.2657 0.2062, 0.059 -1.2657 0.2062, 0.1378 -1.2575 0.2107, 0.059 -1.2575 0.2107, 0.1378 -1.1206 0.2654, 0.059 -1.1206 0.2654, 0.1378 -1.0847 0.276, 0.059 -1.0847 0.276, 0.1378 -1.0475 0.2795, 0.059 -1.0475 0.2795, 0.1378 -0.7704 0.2795, 0.059 -0.7704 0.2795, 0.1378 -0.7704 0.6142, 0.059 -0.7704 0.6142, 0.1378 -1.2035 0.6142, 0.059 -1.2035 0.6142, 0.059 0.614 0.0773, 0.059 0.6207 0.071, 0.059 0.6257 0.0634, 0.059 0.6061 0.0819, 0.059 0.6288 0.0548, 0.1378 0.6257 0.0634, 0.1378 0.6207 0.071, 0.1378 0.614 0.0773, 0.1378 0.6061 0.0819, 0.1378 0.6288 0.0548, 0.3346 0.3149 0.6929, 0.2559 0.3149 0.6929, 0.3346 -1.2035 0.6929, 0.2559 -1.2035 0.6929, 0.3346 0.3149 0.5354, 0.2559 0.3149 0.5354, 0.3346 0.3543 0.5354, 0.2559 0.3543 0.5354, 0.3346 0.3543 0.3386, 0.2559 0.3543 0.3386, 0.3346 0.3149 0.3386, 0.2559 0.3149 0.3386, 0.3346 0.3149 0.1974, 0.2559 0.3149 0.1974, 0.3346 0.4724 0.1065, 0.2559 0.4724 0.1065, 0.2559 0.5974 0.0845, 0.3346 0.5974 0.0845, 0.3346 0.6299 0.0457, 0.3346 0.6299 0.0, 0.2559 0.6299 0.0457, 0.2559 0.6299 0.0, 0.3346 0.2756 0.0, 0.2559 0.2756 0.0, 0.3346 0.2756 0.0827, 0.2559 0.2756 0.0827, 0.3346 -1.2823 0.0827, 0.2559 -1.2823 0.0827, 0.3346 -1.2823 0.1741, 0.2559 -1.2823 0.1741, 0.3346 -1.2811 0.1834, 0.2559 -1.2811 0.1834, 0.3346 -1.2779 0.1922, 0.2559 -1.2779 0.1922, 0.3346 -1.2726 0.1999, 0.2559 -1.2726 0.1999, 0.3346 -1.2657 0.2062, 0.2559 -1.2657 0.2062, 0.3346 -1.2575 0.2107, 0.2559 -1.2575 0.2107, 0.3346 -1.1206 0.2654, 0.2559 -1.1206 0.2654, 0.3346 -1.0847 0.276, 0.2559 -1.0847 0.276, 0.3346 -1.0475 0.2795, 0.2559 -1.0475 0.2795, 0.3346 -0.7704 0.2795, 0.2559 -0.7704 0.2795, 0.3346 -0.7704 0.6142, 0.2559 -0.7704 0.6142, 0.3346 -1.2035 0.6142, 0.2559 -1.2035 0.6142, 0.2559 0.614 0.0773, 0.2559 0.6207 0.071, 0.2559 0.6257 0.0634, 0.2559 0.6061 0.0819, 0.2559 0.6288 0.0548, 0.3346 0.6257 0.0634, 0.3346 0.6207 0.071, 0.3346 0.614 0.0773, 0.3346 0.6061 0.0819, 0.3346 0.6288 0.0548, 0.5315 0.3149 0.6929, 0.4527 0.3149 0.6929, 0.5315 -1.2035 0.6929, 0.4527 -1.2035 0.6929, 0.5315 0.3149 0.5354, 0.4527 0.3149 0.5354, 0.5315 0.3543 0.5354, 0.4527 0.3543 0.5354, 0.5315 0.3543 0.3386, 0.4527 0.3543 0.3386, 0.5315 0.3149 0.3386, 0.4527 0.3149 0.3386, 0.5315 0.3149 0.1974, 0.4527 0.3149 0.1974, 0.5315 0.4724 0.1065, 0.4527 0.4724 0.1065, 0.4527 0.5974 0.0845, 0.5315 0.5974 0.0845, 0.5315 0.6299 0.0457, 0.5315 0.6299 0.0, 0.4527 0.6299 0.0457, 0.4527 0.6299 0.0, 0.5315 0.2756 0.0, 0.4527 0.2756 0.0, 0.5315 0.2756 0.0827, 0.4527 0.2756 0.0827, 0.5315 -1.2823 0.0827, 0.4527 -1.2823 0.0827, 0.5315 -1.2823 0.1741, 0.4527 -1.2823 0.1741, 0.5315 -1.2811 0.1834, 0.4527 -1.2811 0.1834, 0.5315 -1.2779 0.1922, 0.4527 -1.2779 0.1922, 0.5315 -1.2726 0.1999, 0.4527 -1.2726 0.1999, 0.5315 -1.2657 0.2062, 0.4527 -1.2657 0.2062, 0.5315 -1.2575 0.2107, 0.4527 -1.2575 0.2107, 0.5315 -1.1206 0.2654, 0.4527 -1.1206 0.2654, 0.5315 -1.0847 0.276, 0.4527 -1.0847 0.276, 0.5315 -1.0475 0.2795, 0.4527 -1.0475 0.2795, 0.5315 -0.7704 0.2795, 0.4527 -0.7704 0.2795, 0.5315 -0.7704 0.6142, 0.4527 -0.7704 0.6142, 0.5315 -1.2035 0.6142, 0.4527 -1.2035 0.6142, 0.4527 0.614 0.0773, 0.4527 0.6207 0.071, 0.4527 0.6257 0.0634, 0.4527 0.6061 0.0819, 0.4527 0.6288 0.0548, 0.5315 0.6257 0.0634, 0.5315 0.6207 0.071, 0.5315 0.614 0.0773, 0.5315 0.6061 0.0819, 0.5315 0.6288 0.0548, 0.7283 0.3149 0.6929, 0.6496 0.3149 0.6929, 0.7283 -1.2035 0.6929, 0.6496 -1.2035 0.6929, 0.7283 0.3149 0.5354, 0.6496 0.3149 0.5354, 0.7283 0.3543 0.5354, 0.6496 0.3543 0.5354, 0.7283 0.3543 0.3386, 0.6496 0.3543 0.3386, 0.7283 0.3149 0.3386, 0.6496 0.3149 0.3386, 0.7283 0.3149 0.1974, 0.6496 0.3149 0.1974, 0.7283 0.4724 0.1065, 0.6496 0.4724 0.1065, 0.6496 0.5974 0.0845, 0.7283 0.5974 0.0845, 0.7283 0.6299 0.0457, 0.7283 0.6299 0.0, 0.6496 0.6299 0.0457, 0.6496 0.6299 0.0, 0.7283 0.2756 0.0, 0.6496 0.2756 0.0, 0.7283 0.2756 0.0827, 0.6496 0.2756 0.0827, 0.7283 -1.2823 0.0827, 0.6496 -1.2823 0.0827, 0.7283 -1.2823 0.1741, 0.6496 -1.2823 0.1741, 0.7283 -1.2811 0.1834, 0.6496 -1.2811 0.1834, 0.7283 -1.2779 0.1922, 0.6496 -1.2779 0.1922, 0.7283 -1.2726 0.1999, 0.6496 -1.2726 0.1999, 0.7283 -1.2657 0.2062, 0.6496 -1.2657 0.2062, 0.7283 -1.2575 0.2107, 0.6496 -1.2575 0.2107, 0.7283 -1.1206 0.2654, 0.6496 -1.1206 0.2654, 0.7283 -1.0847 0.276, 0.6496 -1.0847 0.276, 0.7283 -1.0475 0.2795, 0.6496 -1.0475 0.2795, 0.7283 -0.7704 0.2795, 0.6496 -0.7704 0.2795, 0.7283 -0.7704 0.6142, 0.6496 -0.7704 0.6142, 0.7283 -1.2035 0.6142, 0.6496 -1.2035 0.6142, 0.6496 0.614 0.0773, 0.6496 0.6207 0.071, 0.6496 0.6257 0.0634, 0.6496 0.6061 0.0819, 0.6496 0.6288 0.0548, 0.7283 0.6257 0.0634, 0.7283 0.6207 0.071, 0.7283 0.614 0.0773, 0.7283 0.6061 0.0819, 0.7283 0.6288 0.0548, 0.9252 0.3149 0.6929, 0.8464 0.3149 0.6929, 0.9252 -1.2035 0.6929, 0.8464 -1.2035 0.6929, 0.9252 0.3149 0.5354, 0.8464 0.3149 0.5354, 0.9252 0.3543 0.5354, 0.8464 0.3543 0.5354, 0.9252 0.3543 0.3386, 0.8464 0.3543 0.3386, 0.9252 0.3149 0.3386, 0.8464 0.3149 0.3386, 0.9252 0.3149 0.1974, 0.8464 0.3149 0.1974, 0.9252 0.4724 0.1065, 0.8464 0.4724 0.1065, 0.8464 0.5974 0.0845, 0.9252 0.5974 0.0845, 0.9252 0.6299 0.0457, 0.9252 0.6299 0.0, 0.8464 0.6299 0.0457, 0.8464 0.6299 0.0, 0.9252 0.2756 0.0, 0.8464 0.2756 0.0, 0.9252 0.2756 0.0827, 0.8464 0.2756 0.0827, 0.9252 -1.2823 0.0827, 0.8464 -1.2823 0.0827, 0.9252 -1.2823 0.1741, 0.8464 -1.2823 0.1741, 0.9252 -1.2811 0.1834, 0.8464 -1.2811 0.1834, 0.9252 -1.2779 0.1922, 0.8464 -1.2779 0.1922, 0.9252 -1.2726 0.1999, 0.8464 -1.2726 0.1999, 0.9252 -1.2657 0.2062, 0.8464 -1.2657 0.2062, 0.9252 -1.2575 0.2107, 0.8464 -1.2575 0.2107, 0.9252 -1.1206 0.2654, 0.8464 -1.1206 0.2654, 0.9252 -1.0847 0.276, 0.8464 -1.0847 0.276, 0.9252 -1.0475 0.2795, 0.8464 -1.0475 0.2795, 0.9252 -0.7704 0.2795, 0.8464 -0.7704 0.2795, 0.9252 -0.7704 0.6142, 0.8464 -0.7704 0.6142, 0.9252 -1.2035 0.6142, 0.8464 -1.2035 0.6142, 0.8464 0.614 0.0773, 0.8464 0.6207 0.071, 0.8464 0.6257 0.0634, 0.8464 0.6061 0.0819, 0.8464 0.6288 0.0548, 0.9252 0.6257 0.0634, 0.9252 0.6207 0.071, 0.9252 0.614 0.0773, 0.9252 0.6061 0.0819, 0.9252 0.6288 0.0548
            ]
        }
        coordIndex [
            0,1,2,-1,2,1,3,-1,4,5,0,-1,0,5,1,-1,6,7,4,-1,4,7,5,-1,8,9,6,-1,6,9,7,-1,10,11,8,-1,8,11,9,-1,12,13,10,-1,10,13,11,-1,14,15,12,-1,12,15,13,-1,16,15,17,-1,17,15,14,-1,18,19,20,-1,20,19,21,-1,22,23,19,-1,19,23,21,-1,24,25,22,-1,22,25,23,-1,26,27,24,-1,24,27,25,-1,28,29,26,-1,26,29,27,-1,29,28,30,-1,29,30,31,-1,31,30,32,-1,31,32,33,-1,33,32,34,-1,33,34,35,-1,35,34,36,-1,35,36,37,-1,37,36,38,-1,37,38,39,-1,40,41,38,-1,38,41,39,-1,41,40,42,-1,41,42,43,-1,43,42,44,-1,43,44,45,-1,46,47,44,-1,44,47,45,-1,48,49,46,-1,46,49,47,-1,50,51,48,-1,48,51,49,-1,2,3,50,-1,50,3,51,-1,20,21,23,-1,51,3,49,-1,49,3,1,-1,49,1,47,-1,43,27,41,-1,41,27,29,-1,41,29,39,-1,43,45,27,-1,27,45,47,-1,27,47,25,-1,7,9,5,-1,5,9,11,-1,52,53,54,-1,54,53,20,-1,54,20,55,-1,55,20,56,-1,29,31,39,-1,39,31,33,-1,39,33,37,-1,37,33,35,-1,1,5,47,-1,47,5,11,-1,47,11,25,-1,25,11,13,-1,25,13,23,-1,23,13,15,-1,23,15,20,-1,20,15,16,-1,20,16,56,-1,28,26,38,-1,12,10,48,-1,2,50,48,-1,8,6,10,-1,10,6,4,-1,10,4,48,-1,48,4,0,-1,48,0,2,-1,22,19,18,-1,44,26,46,-1,46,26,24,-1,44,42,26,-1,26,42,40,-1,26,40,38,-1,36,34,32,-1,57,58,59,-1,48,46,12,-1,12,46,24,-1,12,24,14,-1,14,24,22,-1,14,22,17,-1,17,22,18,-1,17,18,60,-1,36,32,38,-1,38,32,30,-1,38,30,28,-1,57,59,18,-1,18,59,61,-1,18,61,60,-1,16,17,60,-1,16,60,56,-1,56,60,61,-1,56,61,55,-1,55,61,59,-1,55,59,54,-1,54,59,58,-1,54,58,52,-1,52,58,57,-1,52,57,53,-1,53,57,18,-1,53,18,20,-1,62,63,64,-1,64,63,65,-1,66,67,62,-1,62,67,63,-1,68,69,66,-1,66,69,67,-1,70,71,68,-1,68,71,69,-1,72,73,70,-1,70,73,71,-1,74,75,72,-1,72,75,73,-1,76,77,74,-1,74,77,75,-1,78,77,79,-1,79,77,76,-1,80,81,82,-1,82,81,83,-1,84,85,81,-1,81,85,83,-1,86,87,84,-1,84,87,85,-1,88,89,86,-1,86,89,87,-1,90,91,88,-1,88,91,89,-1,91,90,92,-1,91,92,93,-1,93,92,94,-1,93,94,95,-1,95,94,96,-1,95,96,97,-1,97,96,98,-1,97,98,99,-1,99,98,100,-1,99,100,101,-1,102,103,100,-1,100,103,101,-1,103,102,104,-1,103,104,105,-1,105,104,106,-1,105,106,107,-1,108,109,106,-1,106,109,107,-1,110,111,108,-1,108,111,109,-1,112,113,110,-1,110,113,111,-1,64,65,112,-1,112,65,113,-1,82,83,85,-1,113,65,111,-1,111,65,63,-1,111,63,109,-1,105,89,103,-1,103,89,91,-1,103,91,101,-1,105,107,89,-1,89,107,109,-1,89,109,87,-1,69,71,67,-1,67,71,73,-1,114,115,116,-1,116,115,82,-1,116,82,117,-1,117,82,118,-1,91,93,101,-1,101,93,95,-1,101,95,99,-1,99,95,97,-1,63,67,109,-1,109,67,73,-1,109,73,87,-1,87,73,75,-1,87,75,85,-1,85,75,77,-1,85,77,82,-1,82,77,78,-1,82,78,118,-1,90,88,100,-1,74,72,110,-1,64,112,110,-1,70,68,72,-1,72,68,66,-1,72,66,110,-1,110,66,62,-1,110,62,64,-1,84,81,80,-1,106,88,108,-1,108,88,86,-1,106,104,88,-1,88,104,102,-1,88,102,100,-1,98,96,94,-1,119,120,121,-1,110,108,74,-1,74,108,86,-1,74,86,76,-1,76,86,84,-1,76,84,79,-1,79,84,80,-1,79,80,122,-1,98,94,100,-1,100,94,92,-1,100,92,90,-1,119,121,80,-1,80,121,123,-1,80,123,122,-1,78,79,122,-1,78,122,118,-1,118,122,123,-1,118,123,117,-1,117,123,121,-1,117,121,116,-1,116,121,120,-1,116,120,114,-1,114,120,119,-1,114,119,115,-1,115,119,80,-1,115,80,82,-1,124,125,126,-1,126,125,127,-1,128,129,124,-1,124,129,125,-1,130,131,128,-1,128,131,129,-1,132,133,130,-1,130,133,131,-1,134,135,132,-1,132,135,133,-1,136,137,134,-1,134,137,135,-1,138,139,136,-1,136,139,137,-1,140,139,141,-1,141,139,138,-1,142,143,144,-1,144,143,145,-1,146,147,143,-1,143,147,145,-1,148,149,146,-1,146,149,147,-1,150,151,148,-1,148,151,149,-1,152,153,150,-1,150,153,151,-1,153,152,154,-1,153,154,155,-1,155,154,156,-1,155,156,157,-1,157,156,158,-1,157,158,159,-1,159,158,160,-1,159,160,161,-1,161,160,162,-1,161,162,163,-1,164,165,162,-1,162,165,163,-1,165,164,166,-1,165,166,167,-1,167,166,168,-1,167,168,169,-1,170,171,168,-1,168,171,169,-1,172,173,170,-1,170,173,171,-1,174,175,172,-1,172,175,173,-1,126,127,174,-1,174,127,175,-1,144,145,147,-1,175,127,173,-1,173,127,125,-1,173,125,171,-1,167,151,165,-1,165,151,153,-1,165,153,163,-1,167,169,151,-1,151,169,171,-1,151,171,149,-1,131,133,129,-1,129,133,135,-1,176,177,178,-1,178,177,144,-1,178,144,179,-1,179,144,180,-1,153,155,163,-1,163,155,157,-1,163,157,161,-1,161,157,159,-1,125,129,171,-1,171,129,135,-1,171,135,149,-1,149,135,137,-1,149,137,147,-1,147,137,139,-1,147,139,144,-1,144,139,140,-1,144,140,180,-1,152,150,162,-1,136,134,172,-1,126,174,172,-1,132,130,134,-1,134,130,128,-1,134,128,172,-1,172,128,124,-1,172,124,126,-1,146,143,142,-1,168,150,170,-1,170,150,148,-1,168,166,150,-1,150,166,164,-1,150,164,162,-1,160,158,156,-1,181,182,183,-1,172,170,136,-1,136,170,148,-1,136,148,138,-1,138,148,146,-1,138,146,141,-1,141,146,142,-1,141,142,184,-1,160,156,162,-1,162,156,154,-1,162,154,152,-1,181,183,142,-1,142,183,185,-1,142,185,184,-1,140,141,184,-1,140,184,180,-1,180,184,185,-1,180,185,179,-1,179,185,183,-1,179,183,178,-1,178,183,182,-1,178,182,176,-1,176,182,181,-1,176,181,177,-1,177,181,142,-1,177,142,144,-1,186,187,188,-1,188,187,189,-1,190,191,186,-1,186,191,187,-1,192,193,190,-1,190,193,191,-1,194,195,192,-1,192,195,193,-1,196,197,194,-1,194,197,195,-1,198,199,196,-1,196,199,197,-1,200,201,198,-1,198,201,199,-1,202,201,203,-1,203,201,200,-1,204,205,206,-1,206,205,207,-1,208,209,205,-1,205,209,207,-1,210,211,208,-1,208,211,209,-1,212,213,210,-1,210,213,211,-1,214,215,212,-1,212,215,213,-1,215,214,216,-1,215,216,217,-1,217,216,218,-1,217,218,219,-1,219,218,220,-1,219,220,221,-1,221,220,222,-1,221,222,223,-1,223,222,224,-1,223,224,225,-1,226,227,224,-1,224,227,225,-1,227,226,228,-1,227,228,229,-1,229,228,230,-1,229,230,231,-1,232,233,230,-1,230,233,231,-1,234,235,232,-1,232,235,233,-1,236,237,234,-1,234,237,235,-1,188,189,236,-1,236,189,237,-1,206,207,209,-1,237,189,235,-1,235,189,187,-1,235,187,233,-1,229,213,227,-1,227,213,215,-1,227,215,225,-1,229,231,213,-1,213,231,233,-1,213,233,211,-1,193,195,191,-1,191,195,197,-1,238,239,240,-1,240,239,206,-1,240,206,241,-1,241,206,242,-1,215,217,225,-1,225,217,219,-1,225,219,223,-1,223,219,221,-1,187,191,233,-1,233,191,197,-1,233,197,211,-1,211,197,199,-1,211,199,209,-1,209,199,201,-1,209,201,206,-1,206,201,202,-1,206,202,242,-1,214,212,224,-1,198,196,234,-1,188,236,234,-1,194,192,196,-1,196,192,190,-1,196,190,234,-1,234,190,186,-1,234,186,188,-1,208,205,204,-1,230,212,232,-1,232,212,210,-1,230,228,212,-1,212,228,226,-1,212,226,224,-1,222,220,218,-1,243,244,245,-1,234,232,198,-1,198,232,210,-1,198,210,200,-1,200,210,208,-1,200,208,203,-1,203,208,204,-1,203,204,246,-1,222,218,224,-1,224,218,216,-1,224,216,214,-1,243,245,204,-1,204,245,247,-1,204,247,246,-1,202,203,246,-1,202,246,242,-1,242,246,247,-1,242,247,241,-1,241,247,245,-1,241,245,240,-1,240,245,244,-1,240,244,238,-1,238,244,243,-1,238,243,239,-1,239,243,204,-1,239,204,206,-1,248,249,250,-1,250,249,251,-1,252,253,248,-1,248,253,249,-1,254,255,252,-1,252,255,253,-1,256,257,254,-1,254,257,255,-1,258,259,256,-1,256,259,257,-1,260,261,258,-1,258,261,259,-1,262,263,260,-1,260,263,261,-1,264,263,265,-1,265,263,262,-1,266,267,268,-1,268,267,269,-1,270,271,267,-1,267,271,269,-1,272,273,270,-1,270,273,271,-1,274,275,272,-1,272,275,273,-1,276,277,274,-1,274,277,275,-1,277,276,278,-1,277,278,279,-1,279,278,280,-1,279,280,281,-1,281,280,282,-1,281,282,283,-1,283,282,284,-1,283,284,285,-1,285,284,286,-1,285,286,287,-1,288,289,286,-1,286,289,287,-1,289,288,290,-1,289,290,291,-1,291,290,292,-1,291,292,293,-1,294,295,292,-1,292,295,293,-1,296,297,294,-1,294,297,295,-1,298,299,296,-1,296,299,297,-1,250,251,298,-1,298,251,299,-1,255,257,253,-1,253,257,259,-1,268,269,271,-1,289,291,275,-1,275,291,293,-1,275,293,295,-1,289,275,287,-1,287,275,277,-1,287,277,279,-1,299,251,297,-1,297,251,249,-1,297,249,295,-1,295,249,253,-1,295,253,275,-1,275,253,259,-1,275,259,273,-1,273,259,261,-1,273,261,271,-1,271,261,263,-1,271,263,268,-1,268,263,264,-1,300,301,302,-1,279,281,287,-1,287,281,283,-1,287,283,285,-1,264,303,268,-1,268,303,300,-1,268,300,304,-1,304,300,302,-1,276,274,286,-1,260,258,296,-1,250,298,296,-1,256,254,258,-1,258,254,252,-1,258,252,296,-1,296,252,248,-1,296,248,250,-1,270,267,266,-1,292,274,294,-1,294,274,272,-1,292,290,274,-1,274,290,288,-1,274,288,286,-1,282,280,278,-1,305,306,307,-1,296,294,260,-1,260,294,272,-1,260,272,262,-1,262,272,270,-1,262,270,265,-1,265,270,266,-1,265,266,308,-1,276,286,278,-1,278,286,284,-1,278,284,282,-1,308,266,307,-1,307,266,309,-1,307,309,305,-1,264,265,308,-1,264,308,303,-1,303,308,307,-1,303,307,300,-1,300,307,306,-1,300,306,301,-1,301,306,305,-1,301,305,302,-1,302,305,309,-1,302,309,304,-1,304,309,266,-1,304,266,268,-1,310,311,312,-1,312,311,313,-1,314,315,310,-1,310,315,311,-1,316,317,314,-1,314,317,315,-1,318,319,316,-1,316,319,317,-1,320,321,318,-1,318,321,319,-1,322,323,320,-1,320,323,321,-1,324,325,322,-1,322,325,323,-1,326,325,327,-1,327,325,324,-1,328,329,330,-1,330,329,331,-1,332,333,329,-1,329,333,331,-1,334,335,332,-1,332,335,333,-1,336,337,334,-1,334,337,335,-1,338,339,336,-1,336,339,337,-1,339,338,340,-1,339,340,341,-1,341,340,342,-1,341,342,343,-1,343,342,344,-1,343,344,345,-1,345,344,346,-1,345,346,347,-1,347,346,348,-1,347,348,349,-1,350,351,348,-1,348,351,349,-1,351,350,352,-1,351,352,353,-1,353,352,354,-1,353,354,355,-1,356,357,354,-1,354,357,355,-1,358,359,356,-1,356,359,357,-1,360,361,358,-1,358,361,359,-1,312,313,360,-1,360,313,361,-1,317,319,315,-1,315,319,321,-1,330,331,333,-1,351,353,337,-1,337,353,355,-1,337,355,357,-1,351,337,349,-1,349,337,339,-1,349,339,341,-1,361,313,359,-1,359,313,311,-1,359,311,357,-1,357,311,315,-1,357,315,337,-1,337,315,321,-1,337,321,335,-1,335,321,323,-1,335,323,333,-1,333,323,325,-1,333,325,330,-1,330,325,326,-1,362,363,364,-1,341,343,349,-1,349,343,345,-1,349,345,347,-1,326,365,330,-1,330,365,362,-1,330,362,366,-1,366,362,364,-1,338,336,348,-1,322,320,358,-1,312,360,358,-1,318,316,320,-1,320,316,314,-1,320,314,358,-1,358,314,310,-1,358,310,312,-1,332,329,328,-1,354,336,356,-1,356,336,334,-1,354,352,336,-1,336,352,350,-1,336,350,348,-1,344,342,340,-1,367,368,369,-1,358,356,322,-1,322,356,334,-1,322,334,324,-1,324,334,332,-1,324,332,327,-1,327,332,328,-1,327,328,370,-1,338,348,340,-1,340,348,346,-1,340,346,344,-1,370,328,369,-1,369,328,371,-1,369,371,367,-1,326,327,370,-1,326,370,365,-1,365,370,369,-1,365,369,362,-1,362,369,368,-1,362,368,363,-1,363,368,367,-1,363,367,364,-1,364,367,371,-1,364,371,366,-1,366,371,328,-1,366,328,330,-1,372,373,374,-1,374,373,375,-1,376,377,372,-1,372,377,373,-1,378,379,376,-1,376,379,377,-1,380,381,378,-1,378,381,379,-1,382,383,380,-1,380,383,381,-1,384,385,382,-1,382,385,383,-1,386,387,384,-1,384,387,385,-1,388,387,389,-1,389,387,386,-1,390,391,392,-1,392,391,393,-1,394,395,391,-1,391,395,393,-1,396,397,394,-1,394,397,395,-1,398,399,396,-1,396,399,397,-1,400,401,398,-1,398,401,399,-1,401,400,402,-1,401,402,403,-1,403,402,404,-1,403,404,405,-1,405,404,406,-1,405,406,407,-1,407,406,408,-1,407,408,409,-1,409,408,410,-1,409,410,411,-1,412,413,410,-1,410,413,411,-1,413,412,414,-1,413,414,415,-1,415,414,416,-1,415,416,417,-1,418,419,416,-1,416,419,417,-1,420,421,418,-1,418,421,419,-1,422,423,420,-1,420,423,421,-1,374,375,422,-1,422,375,423,-1,379,381,377,-1,377,381,383,-1,392,393,395,-1,413,415,399,-1,399,415,417,-1,399,417,419,-1,413,399,411,-1,411,399,401,-1,411,401,403,-1,423,375,421,-1,421,375,373,-1,421,373,419,-1,419,373,377,-1,419,377,399,-1,399,377,383,-1,399,383,397,-1,397,383,385,-1,397,385,395,-1,395,385,387,-1,395,387,392,-1,392,387,388,-1,424,425,426,-1,403,405,411,-1,411,405,407,-1,411,407,409,-1,388,427,392,-1,392,427,424,-1,392,424,428,-1,428,424,426,-1,400,398,410,-1,384,382,420,-1,374,422,420,-1,380,378,382,-1,382,378,376,-1,382,376,420,-1,420,376,372,-1,420,372,374,-1,394,391,390,-1,416,398,418,-1,418,398,396,-1,416,414,398,-1,398,414,412,-1,398,412,410,-1,406,404,402,-1,429,430,431,-1,420,418,384,-1,384,418,396,-1,384,396,386,-1,386,396,394,-1,386,394,389,-1,389,394,390,-1,389,390,432,-1,400,410,402,-1,402,410,408,-1,402,408,406,-1,432,390,431,-1,431,390,433,-1,431,433,429,-1,388,389,432,-1,388,432,427,-1,427,432,431,-1,427,431,424,-1,424,431,430,-1,424,430,425,-1,425,430,429,-1,425,429,426,-1,426,429,433,-1,426,433,428,-1,428,433,390,-1,428,390,392,-1,434,435,436,-1,436,435,437,-1,438,439,434,-1,434,439,435,-1,440,441,438,-1,438,441,439,-1,442,443,440,-1,440,443,441,-1,444,445,442,-1,442,445,443,-1,446,447,444,-1,444,447,445,-1,448,449,446,-1,446,449,447,-1,450,449,451,-1,451,449,448,-1,452,453,454,-1,454,453,455,-1,456,457,453,-1,453,457,455,-1,458,459,456,-1,456,459,457,-1,460,461,458,-1,458,461,459,-1,462,463,460,-1,460,463,461,-1,463,462,464,-1,463,464,465,-1,465,464,466,-1,465,466,467,-1,467,466,468,-1,467,468,469,-1,469,468,470,-1,469,470,471,-1,471,470,472,-1,471,472,473,-1,474,475,472,-1,472,475,473,-1,475,474,476,-1,475,476,477,-1,477,476,478,-1,477,478,479,-1,480,481,478,-1,478,481,479,-1,482,483,480,-1,480,483,481,-1,484,485,482,-1,482,485,483,-1,436,437,484,-1,484,437,485,-1,441,443,439,-1,439,443,445,-1,454,455,457,-1,475,477,461,-1,461,477,479,-1,461,479,481,-1,475,461,473,-1,473,461,463,-1,473,463,465,-1,485,437,483,-1,483,437,435,-1,483,435,481,-1,481,435,439,-1,481,439,461,-1,461,439,445,-1,461,445,459,-1,459,445,447,-1,459,447,457,-1,457,447,449,-1,457,449,454,-1,454,449,450,-1,486,487,488,-1,465,467,473,-1,473,467,469,-1,473,469,471,-1,450,489,454,-1,454,489,486,-1,454,486,490,-1,490,486,488,-1,462,460,472,-1,446,444,482,-1,436,484,482,-1,442,440,444,-1,444,440,438,-1,444,438,482,-1,482,438,434,-1,482,434,436,-1,456,453,452,-1,478,460,480,-1,480,460,458,-1,478,476,460,-1,460,476,474,-1,460,474,472,-1,468,466,464,-1,491,492,493,-1,482,480,446,-1,446,480,458,-1,446,458,448,-1,448,458,456,-1,448,456,451,-1,451,456,452,-1,451,452,494,-1,462,472,464,-1,464,472,470,-1,464,470,468,-1,494,452,493,-1,493,452,495,-1,493,495,491,-1,450,451,494,-1,450,494,489,-1,489,494,493,-1,489,493,486,-1,486,493,492,-1,486,492,487,-1,487,492,491,-1,487,491,488,-1,488,491,495,-1,488,495,490,-1,490,495,452,-1,490,452,454,-1,496,497,498,-1,498,497,499,-1,500,501,496,-1,496,501,497,-1,502,503,500,-1,500,503,501,-1,504,505,502,-1,502,505,503,-1,506,507,504,-1,504,507,505,-1,508,509,506,-1,506,509,507,-1,510,511,508,-1,508,511,509,-1,512,511,513,-1,513,511,510,-1,514,515,516,-1,516,515,517,-1,518,519,515,-1,515,519,517,-1,520,521,518,-1,518,521,519,-1,522,523,520,-1,520,523,521,-1,524,525,522,-1,522,525,523,-1,525,524,526,-1,525,526,527,-1,527,526,528,-1,527,528,529,-1,529,528,530,-1,529,530,531,-1,531,530,532,-1,531,532,533,-1,533,532,534,-1,533,534,535,-1,536,537,534,-1,534,537,535,-1,537,536,538,-1,537,538,539,-1,539,538,540,-1,539,540,541,-1,542,543,540,-1,540,543,541,-1,544,545,542,-1,542,545,543,-1,546,547,544,-1,544,547,545,-1,498,499,546,-1,546,499,547,-1,503,505,501,-1,501,505,507,-1,516,517,519,-1,537,539,523,-1,523,539,541,-1,523,541,543,-1,537,523,535,-1,535,523,525,-1,535,525,527,-1,547,499,545,-1,545,499,497,-1,545,497,543,-1,543,497,501,-1,543,501,523,-1,523,501,507,-1,523,507,521,-1,521,507,509,-1,521,509,519,-1,519,509,511,-1,519,511,516,-1,516,511,512,-1,548,549,550,-1,527,529,535,-1,535,529,531,-1,535,531,533,-1,512,551,516,-1,516,551,548,-1,516,548,552,-1,552,548,550,-1,524,522,534,-1,508,506,544,-1,498,546,544,-1,504,502,506,-1,506,502,500,-1,506,500,544,-1,544,500,496,-1,544,496,498,-1,518,515,514,-1,540,522,542,-1,542,522,520,-1,540,538,522,-1,522,538,536,-1,522,536,534,-1,530,528,526,-1,553,554,555,-1,544,542,508,-1,508,542,520,-1,508,520,510,-1,510,520,518,-1,510,518,513,-1,513,518,514,-1,513,514,556,-1,524,534,526,-1,526,534,532,-1,526,532,530,-1,556,514,555,-1,555,514,557,-1,555,557,553,-1,512,513,556,-1,512,556,551,-1,551,556,555,-1,551,555,548,-1,548,555,554,-1,548,554,549,-1,549,554,553,-1,549,553,550,-1,550,553,557,-1,550,557,552,-1,552,557,514,-1,552,514,516,-1,558,559,560,-1,560,559,561,-1,562,563,558,-1,558,563,559,-1,564,565,562,-1,562,565,563,-1,566,567,564,-1,564,567,565,-1,568,569,566,-1,566,569,567,-1,570,571,568,-1,568,571,569,-1,572,573,570,-1,570,573,571,-1,574,573,575,-1,575,573,572,-1,576,577,578,-1,578,577,579,-1,580,581,577,-1,577,581,579,-1,582,583,580,-1,580,583,581,-1,584,585,582,-1,582,585,583,-1,586,587,584,-1,584,587,585,-1,587,586,588,-1,587,588,589,-1,589,588,590,-1,589,590,591,-1,591,590,592,-1,591,592,593,-1,593,592,594,-1,593,594,595,-1,595,594,596,-1,595,596,597,-1,598,599,596,-1,596,599,597,-1,599,598,600,-1,599,600,601,-1,601,600,602,-1,601,602,603,-1,604,605,602,-1,602,605,603,-1,606,607,604,-1,604,607,605,-1,608,609,606,-1,606,609,607,-1,560,561,608,-1,608,561,609,-1,565,567,563,-1,563,567,569,-1,578,579,581,-1,599,601,585,-1,585,601,603,-1,585,603,605,-1,599,585,597,-1,597,585,587,-1,597,587,589,-1,609,561,607,-1,607,561,559,-1,607,559,605,-1,605,559,563,-1,605,563,585,-1,585,563,569,-1,585,569,583,-1,583,569,571,-1,583,571,581,-1,581,571,573,-1,581,573,578,-1,578,573,574,-1,610,611,612,-1,589,591,597,-1,597,591,593,-1,597,593,595,-1,574,613,578,-1,578,613,610,-1,578,610,614,-1,614,610,612,-1,586,584,596,-1,570,568,606,-1,560,608,606,-1,566,564,568,-1,568,564,562,-1,568,562,606,-1,606,562,558,-1,606,558,560,-1,580,577,576,-1,602,584,604,-1,604,584,582,-1,602,600,584,-1,584,600,598,-1,584,598,596,-1,592,590,588,-1,615,616,617,-1,606,604,570,-1,570,604,582,-1,570,582,572,-1,572,582,580,-1,572,580,575,-1,575,580,576,-1,575,576,618,-1,586,596,588,-1,588,596,594,-1,588,594,592,-1,618,576,617,-1,617,576,619,-1,617,619,615,-1,574,575,618,-1,574,618,613,-1,613,618,617,-1,613,617,610,-1,610,617,616,-1,610,616,611,-1,611,616,615,-1,611,615,612,-1,612,615,619,-1,612,619,614,-1,614,619,576,-1,614,576,578,-1,
        ]
    }
}
Shape{
    appearance Appearance {
        material  Material {
            diffuseColor 0.25098039215686274 0.25098039215686274 0.25098039215686274
            specularColor 0.07450980392156863 0.07450980392156863 0.07450980392156863
            ambientIntensity 0.251
            transparency 0.0
            shininess 0.5
        }
    }
    geometry IndexedFaceSet {
        ccw TRUE
        solid FALSE
        coord DEF co Coordinate {
            point [
                -0.8465 -1.2992 0.6732, -0.7284 -1.2992 0.6732, -0.8465 -0.8898 0.6732, -0.7284 -0.8898 0.6732, -0.6496 -1.2992 0.6732, -0.5315 -1.2992 0.6732, -0.6496 -0.8898 0.6732, -0.5315 -0.8898 0.6732, -0.4528 -1.2992 0.6732, -0.3347 -1.2992 0.6732, -0.4528 -0.8898 0.6732, -0.3347 -0.8898 0.6732, -0.2559 -1.2992 0.6732, -0.1378 -1.2992 0.6732, -0.2559 -0.8898 0.6732, -0.1378 -0.8898 0.6732, -0.0591 -1.2992 0.6732, 0.059 -1.2992 0.6732, -0.0591 -0.8898 0.6732, 0.059 -0.8898 0.6732, 0.1378 -1.2992 0.6732, 0.2559 -1.2992 0.6732, 0.1378 -0.8898 0.6732, 0.2559 -0.8898 0.6732, 0.3346 -1.2992 0.6732, 0.4527 -1.2992 0.6732, 0.3346 -0.8898 0.6732, 0.4527 -0.8898 0.6732, 0.5315 -1.2992 0.6732, 0.6496 -1.2992 0.6732, 0.5315 -0.8898 0.6732, 0.6496 -0.8898 0.6732, 0.7283 -1.2992 0.6732, 0.8464 -1.2992 0.6732, 0.7283 -0.8898 0.6732, 0.8464 -0.8898 0.6732, 0.9252 -1.2992 0.6732, 1.1259 -1.2992 0.6732, 0.9252 -0.8898 0.6732, 1.1259 -0.8898 0.6732, -1.1024 -0.8898 0.2441, -1.1024 -1.4646 0.2441, -1.126 -0.8898 0.2441, -1.5119 -1.4646 0.2441, -1.126 -0.811 0.2441, -1.5119 -0.811 0.2441, 1.1259 -0.811 0.2441, 1.5118 -0.811 0.2441, 1.1259 -0.8898 0.2441, 1.5118 -1.4646 0.2441, 1.1023 -0.8898 0.2441, 1.1023 -1.4646 0.2441, -0.9252 -0.8898 0.6732, -1.126 -0.8898 0.6732, -0.9252 -1.2992 0.6732, -1.126 -1.2992 0.6732, 1.5118 -1.4173 0.7913, 1.5118 -1.3386 0.7126, 1.1259 -1.3386 0.7126, -1.5119 -1.4173 0.7913, -1.126 -1.3386 0.7126, -1.5119 -1.3386 0.7126, 1.5118 -1.4646 0.7913, 1.5118 -0.811 0.6339, 1.5118 -0.8118 0.639, 1.5118 -0.812 0.6404, 1.5118 -0.815 0.6478, 1.5118 -0.8167 0.6519, 1.5118 -0.8257 0.6655, 1.5118 -0.8277 0.6686, 1.5118 -0.845 0.6873, 1.5118 -0.853 0.6937, 1.5118 -0.8629 0.7016, 1.5118 -0.8744 0.708, 1.5118 -0.8776 0.7098, 1.5118 -0.8849 0.7119, 1.5118 -0.8858 0.7122, 1.5118 -0.8898 0.7126, -1.5119 -0.8139 0.646, -1.5119 -0.8118 0.639, -1.5119 -0.8258 0.6654, -1.5119 -0.8363 0.6787, -1.5119 -0.8529 0.6939, -1.5119 -0.822 0.6607, -1.5119 -0.8149 0.6479, -1.5119 -0.8114 0.6379, -1.5119 -0.811 0.6339, -1.5119 -1.4646 0.7913, -1.5119 -0.8898 0.7126, -1.5119 -0.8849 0.7119, -1.5119 -0.8832 0.7116, -1.5119 -0.8743 0.708, -1.5119 -0.8718 0.7069, -1.5119 -0.855 0.6959, -1.5748 -1.7126 0.7913, 1.5748 -1.7126 0.7913, -1.6526 -1.6539 0.7913, -1.6416 -1.6669 0.7913, 1.6275 -1.6809 0.7913, 1.646 -1.6619 0.7913, -1.6733 -1.4646 0.7913, -1.6733 -1.6142 0.7913, -1.6731 -1.616 0.7913, -1.6225 -1.6854 0.7913, -1.6026 -1.7005 0.7913, -1.5931 -1.7062 0.7913, 1.5817 -1.7112 0.7913, 1.5948 -1.7052 0.7913, 1.6145 -1.692 0.7913, 1.5766 -1.7125 0.7913, 1.6611 -1.642 0.7913, 1.6667 -1.6325 0.7913, 1.672 -1.6205 0.7913, 1.6727 -1.6176 0.7913, 1.6732 -1.6142 0.7913, 1.6732 -1.4646 0.7913, -1.6718 -1.6211 0.7913, -1.6659 -1.6342 0.7913, -1.5811 -1.7114 0.7913, -1.5783 -1.7122 0.7913, -1.126 -0.811 0.6339, -1.126 -0.853 0.6937, -1.126 -0.8629 0.7016, -1.126 -0.8744 0.708, -1.126 -0.8776 0.7098, -1.126 -0.8849 0.7119, -1.126 -0.8898 0.7126, -1.126 -0.8858 0.7122, -1.126 -0.8118 0.639, -1.126 -0.812 0.6404, -1.126 -0.815 0.6478, -1.126 -0.8167 0.6519, -1.126 -0.8257 0.6655, -1.126 -0.8277 0.6686, -1.126 -0.845 0.6873, 0.8464 -0.8898 0.5945, 0.9252 -0.8898 0.5945, 1.1023 -0.8898 0.3228, 0.7283 -0.8898 0.5945, -1.1024 -0.8898 0.3228, -0.8465 -0.8898 0.5945, -0.7284 -0.8898 0.5945, -0.9252 -0.8898 0.5945, -0.6496 -0.8898 0.5945, -0.3347 -0.8898 0.5945, -0.2559 -0.8898 0.5945, -0.4528 -0.8898 0.5945, -0.5315 -0.8898 0.5945, 0.059 -0.8898 0.5945, 0.1378 -0.8898 0.5945, -0.0591 -0.8898 0.5945, -0.1378 -0.8898 0.5945, 0.4527 -0.8898 0.5945, 0.5315 -0.8898 0.5945, 0.3346 -0.8898 0.5945, 0.2559 -0.8898 0.5945, 0.6496 -0.8898 0.5945, 1.1259 -0.8718 0.7069, 1.1259 -0.855 0.6959, 1.1259 -0.8139 0.646, 1.1259 -0.8118 0.639, 1.1259 -0.8849 0.7119, 1.1259 -0.8832 0.7116, 1.1259 -0.8743 0.708, 1.1259 -0.8529 0.6939, 1.1259 -0.8363 0.6787, 1.1259 -0.8258 0.6654, 1.1259 -0.822 0.6607, 1.1259 -0.8149 0.6479, 1.1259 -0.811 0.6339, 1.1259 -0.8114 0.6379, 1.1259 -0.8898 0.7126, 1.1023 -1.4646 0.1484, 1.6929 -1.4646 0.1484, 1.6929 -1.4646 0.7717, 1.6765 -1.4646 0.7911, 1.6887 -1.4646 0.7838, 1.6853 -1.4646 0.7872, 1.6811 -1.4646 0.7897, 1.6912 -1.4646 0.7796, 1.6926 -1.4646 0.775, 1.6929 -1.6142 0.7717, 1.6929 -1.6142 0.1484, 1.1023 -1.7323 0.1484, 1.5748 -1.7323 0.1484, 1.1023 -1.7323 0.3228, 1.5748 -1.7323 0.7717, -1.1024 -1.7323 0.3228, -1.5748 -1.7323 0.7717, -1.1024 -1.7323 0.1484, -1.5748 -1.7323 0.1484, -1.693 -1.4646 0.7717, -1.693 -1.4646 0.1484, -1.693 -1.6142 0.7717, -1.693 -1.6142 0.1484, -1.1024 -1.4646 0.1484, -1.6766 -1.4646 0.7911, -1.6927 -1.4646 0.775, -1.6913 -1.4646 0.7796, -1.6888 -1.4646 0.7838, -1.6854 -1.4646 0.7872, -1.6812 -1.4646 0.7897, 1.593 -1.728 0.1484, 1.5833 -1.731 0.1484, 1.6918 -1.6214 0.1484, 1.6915 -1.6238 0.1484, 1.6872 -1.6344 0.1484, 1.685 -1.64 0.1484, 1.6722 -1.6606 0.1484, 1.6714 -1.6615 0.1484, 1.6531 -1.6834 0.1484, 1.6346 -1.7008 0.1484, 1.6322 -1.703 0.1484, 1.5808 -1.7317 0.1484, 1.6118 -1.718 0.1484, 1.6002 -1.7242 0.1484, -1.5821 -1.7312 0.1484, -1.5844 -1.7309 0.1484, -1.5951 -1.7267 0.1484, -1.6007 -1.7244 0.1484, -1.6212 -1.7116 0.1484, -1.6222 -1.7108 0.1484, -1.6887 -1.6324 0.1484, -1.6916 -1.6227 0.1484, -1.6441 -1.6925 0.1484, -1.6614 -1.674 0.1484, -1.6636 -1.6716 0.1484, -1.6787 -1.6512 0.1484, -1.6848 -1.6397 0.1484, -1.6924 -1.6202 0.1484, 0.9252 -1.2992 0.5945, 0.8464 -1.2992 0.5945, 0.7283 -1.2992 0.5945, 0.6496 -1.2992 0.5945, 0.5315 -1.2992 0.5945, 0.4527 -1.2992 0.5945, 0.3346 -1.2992 0.5945, 0.2559 -1.2992 0.5945, 0.1378 -1.2992 0.5945, 0.059 -1.2992 0.5945, -0.0591 -1.2992 0.5945, -0.1378 -1.2992 0.5945, -0.2559 -1.2992 0.5945, -0.3347 -1.2992 0.5945, -0.4528 -1.2992 0.5945, -0.5315 -1.2992 0.5945, -0.6496 -1.2992 0.5945, -0.7284 -1.2992 0.5945, -0.8465 -1.2992 0.5945, -0.9252 -1.2992 0.5945, 1.692 -1.6214 0.7717, 1.6919 -1.6219 0.7717, 1.6907 -1.6263 0.7717, 1.6873 -1.6344 0.7717, 1.6841 -1.6417 0.7717, 1.6776 -1.6527 0.7717, 1.6711 -1.6613 0.7717, 1.6609 -1.6747 0.7717, 1.6408 -1.6954 0.7717, 1.6346 -1.7008 0.7717, 1.6266 -1.7075 0.7717, 1.6044 -1.7224 0.7717, 1.6003 -1.7243 0.7717, 1.5878 -1.7299 0.7717, 1.5833 -1.731 0.7717, 1.5795 -1.7319 0.7717, -1.5821 -1.7314 0.7717, -1.5826 -1.7314 0.7717, -1.587 -1.7302 0.7717, -1.5951 -1.7267 0.7717, -1.6024 -1.7236 0.7717, -1.6134 -1.717 0.7717, -1.6219 -1.7105 0.7717, -1.6354 -1.7004 0.7717, -1.6561 -1.6803 0.7717, -1.6614 -1.674 0.7717, -1.6681 -1.666 0.7717, -1.6831 -1.6438 0.7717, -1.6849 -1.6397 0.7717, -1.6905 -1.6272 0.7717, -1.6916 -1.6227 0.7717, -1.6926 -1.6189 0.7717, 1.6765 -1.6142 0.7909, 1.6783 -1.6142 0.7907, 1.6811 -1.6142 0.7895, 1.683 -1.6142 0.7887, 1.6852 -1.6142 0.787, 1.6871 -1.6142 0.7856, 1.6886 -1.6142 0.7837, 1.6902 -1.6142 0.7815, 1.6911 -1.6142 0.7795, 1.6922 -1.6142 0.7767, 1.6924 -1.6142 0.7749, 1.5794 -1.7313 0.7767, 1.5748 -1.7315 0.7767, 1.5748 -1.732 0.775, 1.5748 -1.7281 0.7838, 1.5748 -1.7295 0.7814, 1.5791 -1.7293 0.7815, 1.5748 -1.7306 0.7796, 1.5786 -1.7262 0.7856, 1.5748 -1.7264 0.7855, 1.5748 -1.7206 0.7897, 1.5748 -1.7224 0.7886, 1.578 -1.7222 0.7887, 1.5748 -1.7247 0.7872, 1.5748 -1.7159 0.7911, 1.5773 -1.7175 0.7907, 1.5748 -1.7177 0.7905, 1.604 -1.7218 0.7767, 1.5876 -1.7292 0.7767, 1.6262 -1.707 0.7767, 1.6404 -1.695 0.7767, 1.677 -1.6524 0.7767, 1.6604 -1.6743 0.7767, 1.6835 -1.6414 0.7767, 1.6901 -1.6261 0.7767, 1.587 -1.7274 0.7815, 1.586 -1.7244 0.7856, 1.6031 -1.7201 0.7815, 1.6016 -1.7174 0.7856, 1.625 -1.7054 0.7815, 1.6231 -1.7029 0.7856, 1.639 -1.6935 0.7815, 1.6369 -1.6912 0.7856, 1.6589 -1.673 0.7815, 1.6566 -1.671 0.7856, 1.6754 -1.6513 0.7815, 1.6728 -1.6496 0.7856, 1.6818 -1.6405 0.7815, 1.679 -1.639 0.7856, 1.6882 -1.6256 0.7815, 1.6852 -1.6246 0.7856, 1.6894 -1.6214 0.7815, 1.6863 -1.6207 0.7856, 1.5847 -1.7205 0.7887, 1.5833 -1.716 0.7907, 1.5996 -1.7138 0.7887, 1.5973 -1.7097 0.7907, 1.6206 -1.6997 0.7887, 1.6176 -1.696 0.7907, 1.6342 -1.6882 0.7887, 1.631 -1.6847 0.7907, 1.6535 -1.6683 0.7887, 1.6499 -1.6652 0.7907, 1.6693 -1.6474 0.7887, 1.6654 -1.6448 0.7907, 1.6754 -1.6371 0.7887, 1.6712 -1.6349 0.7907, 1.6813 -1.6234 0.7887, 1.6768 -1.622 0.7907, 1.6823 -1.6198 0.7887, 1.6777 -1.6188 0.7907, 1.6913 -1.6218 0.7767, -1.5748 -1.7159 0.7909, -1.5748 -1.7177 0.7907, -1.5748 -1.7205 0.7895, -1.5748 -1.7225 0.7887, -1.5748 -1.7246 0.787, -1.5748 -1.7265 0.7856, -1.5748 -1.728 0.7837, -1.5748 -1.7297 0.7815, -1.5748 -1.7305 0.7795, -1.5748 -1.7316 0.7767, -1.5748 -1.7319 0.7749, -1.6919 -1.6188 0.7767, -1.6921 -1.6142 0.7767, -1.6927 -1.6142 0.775, -1.6888 -1.6142 0.7838, -1.6902 -1.6142 0.7814, -1.69 -1.6185 0.7815, -1.6913 -1.6142 0.7796, -1.6869 -1.618 0.7856, -1.6871 -1.6142 0.7855, -1.6812 -1.6142 0.7897, -1.683 -1.6142 0.7886, -1.6828 -1.6174 0.7887, -1.6854 -1.6142 0.7872, -1.6766 -1.6142 0.7911, -1.6782 -1.6167 0.7907, -1.6783 -1.6142 0.7905, -1.6825 -1.6435 0.7767, -1.6899 -1.627 0.7767, -1.6676 -1.6656 0.7767, -1.6556 -1.6798 0.7767, -1.613 -1.7165 0.7767, -1.6349 -1.6998 0.7767, -1.602 -1.723 0.7767, -1.5868 -1.7295 0.7767, -1.688 -1.6264 0.7815, -1.6851 -1.6254 0.7856, -1.6808 -1.6425 0.7815, -1.678 -1.641 0.7856, -1.6661 -1.6644 0.7815, -1.6636 -1.6625 0.7856, -1.6542 -1.6785 0.7815, -1.6518 -1.6764 0.7856, -1.6337 -1.6984 0.7815, -1.6316 -1.696 0.7856, -1.6119 -1.7148 0.7815, -1.6102 -1.7122 0.7856, -1.6011 -1.7212 0.7815, -1.5997 -1.7185 0.7856, -1.5862 -1.7277 0.7815, -1.5853 -1.7247 0.7856, -1.582 -1.7288 0.7815, -1.5813 -1.7257 0.7856, -1.6812 -1.6242 0.7887, -1.6767 -1.6227 0.7907, -1.6745 -1.639 0.7887, -1.6703 -1.6367 0.7907, -1.6604 -1.66 0.7887, -1.6566 -1.6571 0.7907, -1.6488 -1.6736 0.7887, -1.6453 -1.6704 0.7907, -1.629 -1.6929 0.7887, -1.6259 -1.6893 0.7907, -1.608 -1.7088 0.7887, -1.6054 -1.7048 0.7907, -1.5977 -1.7149 0.7887, -1.5955 -1.7107 0.7907, -1.5841 -1.7208 0.7887, -1.5826 -1.7162 0.7907, -1.5804 -1.7218 0.7887, -1.5794 -1.7171 0.7907, -1.5824 -1.7307 0.7767
            ]
        }
        coordIndex [
            0,1,2,-1,2,1,3,-1,4,5,6,-1,6,5,7,-1,8,9,10,-1,10,9,11,-1,12,13,14,-1,14,13,15,-1,16,17,18,-1,18,17,19,-1,20,21,22,-1,22,21,23,-1,24,25,26,-1,26,25,27,-1,28,29,30,-1,30,29,31,-1,32,33,34,-1,34,33,35,-1,36,37,38,-1,38,37,39,-1,40,41,42,-1,42,41,43,-1,42,43,44,-1,44,43,45,-1,46,47,48,-1,48,47,49,-1,48,49,50,-1,50,49,51,-1,52,53,54,-1,54,53,55,-1,56,57,58,-1,56,58,59,-1,59,58,60,-1,59,60,61,-1,37,36,58,-1,58,36,33,-1,33,32,58,-1,58,32,29,-1,58,29,28,-1,28,25,58,-1,58,25,24,-1,58,24,21,-1,21,20,58,-1,58,20,17,-1,58,17,60,-1,60,17,16,-1,60,16,13,-1,13,12,60,-1,60,12,9,-1,60,9,8,-1,8,5,60,-1,60,5,4,-1,60,4,1,-1,1,0,60,-1,60,0,54,-1,60,54,55,-1,56,62,57,-1,57,62,49,-1,49,47,63,-1,63,64,49,-1,49,64,65,-1,49,65,66,-1,66,67,49,-1,49,67,68,-1,49,68,69,-1,69,70,49,-1,49,70,71,-1,49,71,72,-1,72,73,49,-1,49,73,74,-1,49,74,75,-1,75,76,49,-1,49,76,77,-1,49,77,57,-1,78,79,43,-1,80,43,81,-1,81,43,82,-1,80,83,43,-1,43,83,84,-1,43,84,78,-1,79,85,43,-1,43,85,86,-1,43,86,45,-1,87,59,43,-1,43,59,61,-1,43,61,88,-1,88,89,43,-1,43,89,90,-1,43,90,91,-1,91,92,43,-1,43,92,93,-1,43,93,82,-1,94,95,87,-1,56,59,62,-1,62,59,87,-1,96,97,87,-1,62,98,99,-1,100,101,87,-1,87,101,102,-1,97,103,87,-1,87,103,104,-1,87,104,105,-1,106,107,62,-1,62,107,108,-1,62,108,98,-1,87,95,62,-1,62,95,109,-1,62,109,106,-1,99,110,62,-1,62,110,111,-1,62,111,112,-1,112,113,62,-1,62,113,114,-1,62,114,115,-1,102,116,87,-1,87,116,117,-1,87,117,96,-1,105,118,87,-1,87,118,119,-1,87,119,94,-1,120,44,86,-1,86,44,45,-1,121,122,53,-1,42,44,120,-1,122,123,53,-1,53,123,124,-1,53,124,125,-1,60,55,126,-1,126,55,53,-1,126,53,127,-1,127,53,125,-1,42,120,53,-1,53,120,128,-1,53,128,129,-1,129,130,53,-1,53,130,131,-1,53,131,132,-1,132,133,53,-1,53,133,134,-1,53,134,121,-1,135,136,137,-1,138,34,35,-1,40,42,139,-1,139,42,53,-1,139,53,52,-1,48,50,137,-1,136,38,137,-1,137,38,39,-1,137,39,48,-1,2,3,140,-1,140,3,141,-1,52,142,139,-1,139,142,140,-1,139,140,137,-1,137,140,141,-1,137,141,143,-1,144,145,137,-1,146,10,11,-1,11,144,146,-1,146,144,137,-1,146,137,147,-1,147,137,143,-1,147,143,7,-1,7,143,6,-1,148,149,137,-1,150,18,19,-1,19,148,150,-1,150,148,137,-1,150,137,151,-1,151,137,145,-1,151,145,15,-1,15,145,14,-1,152,153,137,-1,154,26,27,-1,27,152,154,-1,154,152,137,-1,154,137,155,-1,155,137,149,-1,155,149,23,-1,23,149,22,-1,35,135,138,-1,138,135,137,-1,138,137,156,-1,156,137,153,-1,156,153,31,-1,31,153,30,-1,157,158,39,-1,159,160,39,-1,161,162,39,-1,39,162,163,-1,39,163,157,-1,158,164,39,-1,39,164,165,-1,39,165,166,-1,166,167,39,-1,39,167,168,-1,39,168,159,-1,46,48,169,-1,169,48,39,-1,169,39,170,-1,170,39,160,-1,37,58,39,-1,39,58,171,-1,39,171,161,-1,63,47,169,-1,169,47,46,-1,172,51,173,-1,173,51,49,-1,173,49,174,-1,49,62,174,-1,174,62,115,-1,174,115,175,-1,176,175,177,-1,177,175,178,-1,176,179,175,-1,175,179,180,-1,175,180,174,-1,181,182,174,-1,174,182,173,-1,183,184,185,-1,185,184,186,-1,185,186,187,-1,187,186,188,-1,187,188,189,-1,189,188,190,-1,191,192,193,-1,193,192,194,-1,41,195,43,-1,43,195,192,-1,43,192,87,-1,87,192,191,-1,87,191,100,-1,100,191,196,-1,196,191,197,-1,196,197,198,-1,198,199,196,-1,196,199,200,-1,196,200,201,-1,88,61,126,-1,126,61,60,-1,171,58,77,-1,77,58,57,-1,72,71,164,-1,164,71,70,-1,164,70,165,-1,165,70,69,-1,165,69,166,-1,166,69,68,-1,166,68,167,-1,167,68,67,-1,167,67,168,-1,168,67,66,-1,168,66,159,-1,159,66,65,-1,159,65,160,-1,160,65,64,-1,160,64,170,-1,170,64,63,-1,170,63,169,-1,164,158,72,-1,72,158,157,-1,72,157,73,-1,73,157,163,-1,73,163,74,-1,74,163,162,-1,74,162,75,-1,75,162,161,-1,75,161,76,-1,76,161,171,-1,76,171,77,-1,122,121,82,-1,82,121,134,-1,82,134,81,-1,81,134,133,-1,81,133,80,-1,80,133,132,-1,80,132,83,-1,83,132,131,-1,83,131,84,-1,84,131,130,-1,84,130,78,-1,78,130,129,-1,78,129,79,-1,79,129,128,-1,79,128,85,-1,85,128,120,-1,85,120,86,-1,82,93,122,-1,122,93,92,-1,122,92,123,-1,123,92,91,-1,123,91,124,-1,124,91,90,-1,124,90,125,-1,125,90,89,-1,125,89,127,-1,127,89,88,-1,127,88,126,-1,137,50,51,-1,172,183,51,-1,51,183,185,-1,51,185,137,-1,187,139,185,-1,185,139,137,-1,40,139,41,-1,41,139,187,-1,41,187,195,-1,195,187,189,-1,202,203,172,-1,172,173,182,-1,182,204,172,-1,172,204,205,-1,172,205,206,-1,206,207,172,-1,172,207,208,-1,172,208,209,-1,209,210,172,-1,172,210,211,-1,172,211,212,-1,203,213,172,-1,172,213,184,-1,172,184,183,-1,212,214,172,-1,172,214,215,-1,172,215,202,-1,195,189,190,-1,190,216,195,-1,195,216,217,-1,195,217,218,-1,218,219,195,-1,195,219,220,-1,195,220,221,-1,222,223,195,-1,221,224,195,-1,195,224,225,-1,195,225,226,-1,226,227,195,-1,195,227,228,-1,195,228,222,-1,223,229,195,-1,195,229,194,-1,195,194,192,-1,136,230,38,-1,38,230,36,-1,230,231,36,-1,36,231,33,-1,231,135,33,-1,33,135,35,-1,135,231,136,-1,136,231,230,-1,138,232,34,-1,34,232,32,-1,232,233,32,-1,32,233,29,-1,233,156,29,-1,29,156,31,-1,156,233,138,-1,138,233,232,-1,153,234,30,-1,30,234,28,-1,234,235,28,-1,28,235,25,-1,235,152,25,-1,25,152,27,-1,152,235,153,-1,153,235,234,-1,154,236,26,-1,26,236,24,-1,236,237,24,-1,24,237,21,-1,237,155,21,-1,21,155,23,-1,155,237,154,-1,154,237,236,-1,149,238,22,-1,22,238,20,-1,238,239,20,-1,20,239,17,-1,239,148,17,-1,17,148,19,-1,148,239,149,-1,149,239,238,-1,150,240,18,-1,18,240,16,-1,240,241,16,-1,16,241,13,-1,241,151,13,-1,13,151,15,-1,151,241,150,-1,150,241,240,-1,145,242,14,-1,14,242,12,-1,242,243,12,-1,12,243,9,-1,243,144,9,-1,9,144,11,-1,144,243,145,-1,145,243,242,-1,146,244,10,-1,10,244,8,-1,244,245,8,-1,8,245,5,-1,245,147,5,-1,5,147,7,-1,147,245,146,-1,146,245,244,-1,143,246,6,-1,6,246,4,-1,246,247,4,-1,4,247,1,-1,247,141,1,-1,1,141,3,-1,141,247,143,-1,143,247,246,-1,140,248,2,-1,2,248,0,-1,248,249,0,-1,0,249,54,-1,249,142,54,-1,54,142,52,-1,142,249,140,-1,140,249,248,-1,205,204,250,-1,250,204,182,-1,250,182,181,-1,250,251,205,-1,205,251,252,-1,205,252,206,-1,206,252,253,-1,206,253,207,-1,207,253,254,-1,207,254,208,-1,208,254,255,-1,208,255,209,-1,209,255,256,-1,209,256,210,-1,210,256,257,-1,210,257,211,-1,257,258,211,-1,211,258,259,-1,211,259,212,-1,212,259,260,-1,212,260,214,-1,214,260,261,-1,214,261,215,-1,215,261,262,-1,215,262,202,-1,202,262,263,-1,202,263,203,-1,203,263,264,-1,203,264,213,-1,213,264,265,-1,213,265,184,-1,184,265,186,-1,217,216,266,-1,266,216,190,-1,266,190,188,-1,266,267,217,-1,217,267,268,-1,217,268,218,-1,218,268,269,-1,218,269,219,-1,219,269,220,-1,269,270,220,-1,220,270,271,-1,220,271,221,-1,221,271,272,-1,221,272,224,-1,272,273,224,-1,224,273,274,-1,224,274,225,-1,225,274,275,-1,225,275,226,-1,226,275,276,-1,226,276,227,-1,227,276,277,-1,227,277,228,-1,228,277,278,-1,228,278,222,-1,222,278,279,-1,222,279,223,-1,223,279,280,-1,223,280,229,-1,229,280,281,-1,229,281,194,-1,194,281,193,-1,115,114,282,-1,181,174,180,-1,115,282,175,-1,175,282,283,-1,175,283,178,-1,283,284,178,-1,178,284,285,-1,178,285,177,-1,285,286,177,-1,177,286,287,-1,177,287,176,-1,287,288,176,-1,176,288,289,-1,176,289,179,-1,289,290,179,-1,179,290,291,-1,179,291,180,-1,180,291,292,-1,180,292,181,-1,293,294,295,-1,296,297,298,-1,298,297,299,-1,300,301,296,-1,302,303,304,-1,304,303,305,-1,95,306,307,-1,307,306,308,-1,307,308,302,-1,262,309,263,-1,263,309,310,-1,263,310,264,-1,264,310,293,-1,264,293,265,-1,265,293,295,-1,265,295,186,-1,262,261,309,-1,309,261,260,-1,309,260,311,-1,311,260,312,-1,260,259,312,-1,312,259,258,-1,312,258,257,-1,256,313,257,-1,257,313,314,-1,257,314,312,-1,256,255,313,-1,313,255,254,-1,313,254,315,-1,315,254,253,-1,315,253,316,-1,296,298,300,-1,300,298,317,-1,300,317,318,-1,318,317,319,-1,318,319,320,-1,320,319,321,-1,320,321,322,-1,322,321,323,-1,322,323,324,-1,324,323,325,-1,324,325,326,-1,326,325,327,-1,326,327,328,-1,328,327,329,-1,328,329,330,-1,330,329,331,-1,330,331,332,-1,332,331,333,-1,332,333,334,-1,302,304,307,-1,307,304,335,-1,307,335,336,-1,336,335,337,-1,336,337,338,-1,338,337,339,-1,338,339,340,-1,340,339,341,-1,340,341,342,-1,342,341,343,-1,342,343,344,-1,344,343,345,-1,344,345,346,-1,346,345,347,-1,346,347,348,-1,348,347,349,-1,348,349,350,-1,350,349,351,-1,350,351,352,-1,253,252,316,-1,316,252,251,-1,316,251,353,-1,353,251,250,-1,250,181,292,-1,250,292,353,-1,353,292,291,-1,353,291,290,-1,290,333,353,-1,353,333,331,-1,353,331,316,-1,316,331,329,-1,316,329,315,-1,315,329,327,-1,315,327,313,-1,313,327,325,-1,313,325,314,-1,314,325,323,-1,314,323,312,-1,312,323,321,-1,312,321,311,-1,311,321,319,-1,311,319,309,-1,309,319,317,-1,309,317,310,-1,310,317,298,-1,310,298,293,-1,293,298,299,-1,293,299,294,-1,290,289,333,-1,333,289,288,-1,333,288,334,-1,334,288,287,-1,334,287,286,-1,286,351,334,-1,334,351,349,-1,334,349,332,-1,332,349,347,-1,332,347,330,-1,330,347,345,-1,330,345,328,-1,328,345,343,-1,328,343,326,-1,326,343,341,-1,326,341,324,-1,324,341,339,-1,324,339,322,-1,322,339,337,-1,322,337,320,-1,320,337,335,-1,320,335,318,-1,318,335,304,-1,318,304,300,-1,300,304,305,-1,300,305,301,-1,286,285,351,-1,351,285,284,-1,351,284,352,-1,352,284,283,-1,352,283,282,-1,95,307,109,-1,109,307,336,-1,109,336,106,-1,106,336,338,-1,106,338,107,-1,107,338,340,-1,107,340,108,-1,108,340,342,-1,108,342,98,-1,98,342,344,-1,98,344,99,-1,99,344,346,-1,99,346,110,-1,110,346,348,-1,110,348,111,-1,111,348,350,-1,111,350,112,-1,112,350,352,-1,112,352,113,-1,113,352,282,-1,113,282,114,-1,188,186,295,-1,94,354,95,-1,95,354,306,-1,306,354,308,-1,308,354,355,-1,308,355,302,-1,302,355,356,-1,302,356,303,-1,303,356,357,-1,303,357,305,-1,305,357,358,-1,305,358,301,-1,301,358,359,-1,301,359,296,-1,296,359,360,-1,296,360,297,-1,297,360,361,-1,297,361,299,-1,299,361,362,-1,299,362,294,-1,294,362,363,-1,294,363,295,-1,295,363,364,-1,295,364,188,-1,365,366,367,-1,368,369,370,-1,370,369,371,-1,372,373,368,-1,374,375,376,-1,376,375,377,-1,101,378,379,-1,379,378,380,-1,379,380,374,-1,278,381,279,-1,279,381,382,-1,279,382,280,-1,280,382,365,-1,280,365,281,-1,281,365,367,-1,281,367,193,-1,278,277,381,-1,381,277,276,-1,381,276,383,-1,383,276,384,-1,276,275,384,-1,384,275,274,-1,384,274,273,-1,272,385,273,-1,273,385,386,-1,273,386,384,-1,272,271,385,-1,385,271,270,-1,385,270,387,-1,387,270,269,-1,387,269,388,-1,368,370,372,-1,372,370,389,-1,372,389,390,-1,390,389,391,-1,390,391,392,-1,392,391,393,-1,392,393,394,-1,394,393,395,-1,394,395,396,-1,396,395,397,-1,396,397,398,-1,398,397,399,-1,398,399,400,-1,400,399,401,-1,400,401,402,-1,402,401,403,-1,402,403,404,-1,404,403,405,-1,404,405,406,-1,374,376,379,-1,379,376,407,-1,379,407,408,-1,408,407,409,-1,408,409,410,-1,410,409,411,-1,410,411,412,-1,412,411,413,-1,412,413,414,-1,414,413,415,-1,414,415,416,-1,416,415,417,-1,416,417,418,-1,418,417,419,-1,418,419,420,-1,420,419,421,-1,420,421,422,-1,422,421,423,-1,422,423,424,-1,266,188,364,-1,269,268,388,-1,388,268,267,-1,388,267,425,-1,425,267,266,-1,266,364,425,-1,425,364,363,-1,425,363,362,-1,362,405,425,-1,425,405,403,-1,425,403,388,-1,388,403,401,-1,388,401,387,-1,387,401,399,-1,387,399,385,-1,385,399,397,-1,385,397,386,-1,386,397,395,-1,386,395,384,-1,384,395,393,-1,384,393,383,-1,383,393,391,-1,383,391,381,-1,381,391,389,-1,381,389,382,-1,382,389,370,-1,382,370,365,-1,365,370,371,-1,365,371,366,-1,362,361,405,-1,405,361,360,-1,405,360,406,-1,406,360,359,-1,406,359,358,-1,358,423,406,-1,406,423,421,-1,406,421,404,-1,404,421,419,-1,404,419,402,-1,402,419,417,-1,402,417,400,-1,400,417,415,-1,400,415,398,-1,398,415,413,-1,398,413,396,-1,396,413,411,-1,396,411,394,-1,394,411,409,-1,394,409,392,-1,392,409,407,-1,392,407,390,-1,390,407,376,-1,390,376,372,-1,372,376,377,-1,372,377,373,-1,358,357,423,-1,423,357,356,-1,423,356,424,-1,424,356,355,-1,424,355,354,-1,101,379,102,-1,102,379,408,-1,102,408,116,-1,116,408,410,-1,116,410,117,-1,117,410,412,-1,117,412,96,-1,96,412,414,-1,96,414,97,-1,97,414,416,-1,97,416,103,-1,103,416,418,-1,103,418,104,-1,104,418,420,-1,104,420,105,-1,105,420,422,-1,105,422,118,-1,118,422,424,-1,118,424,119,-1,119,424,354,-1,119,354,94,-1,100,196,101,-1,101,196,378,-1,378,196,380,-1,380,196,201,-1,380,201,374,-1,374,201,375,-1,375,201,200,-1,375,200,377,-1,377,200,373,-1,373,200,199,-1,373,199,368,-1,368,199,369,-1,369,199,198,-1,369,198,371,-1,371,198,366,-1,366,198,197,-1,366,197,367,-1,367,197,191,-1,367,191,193,-1,
        ]
    }
}
Shape{
    appearance Appearance {
        material  Material {
            diffuseColor 0.8431372549019608 0.8156862745098039 0.7529411764705882
            specularColor 0.25098039215686274 0.24313725490196078 0.22745098039215686
            ambientIntensity 0.8167
            transparency 0.0
            shininess 0.5
        }
    }
    geometry IndexedFaceSet {
        ccw TRUE
        solid FALSE
        coord DEF co Coordinate {
            point [
                -0.0131 0.2756 0.0039, 0.0061 -0.563 0.0039, -0.0131 -0.5858 0.0039, 0.0061 -0.5846 0.0039, 0.1118 -0.5846 0.0039, 0.1502 -0.5744 0.0039, 0.1502 -0.5528 0.0039, 0.1118 -0.3878 0.0039, 0.0853 -0.4094 0.0039, 0.0853 -0.4742 0.0039, 0.0109 -0.4094 0.0039, 0.0157 -0.4742 0.0039, 0.0853 -0.4958 0.0039, 0.0853 -0.563 0.0039, 0.0157 -0.4958 0.0039, 0.4142 -0.5846 0.0039, 0.2159 -0.5858 0.0039, 0.3134 -0.5846 0.0039, 0.2286 -0.5845 0.0039, 0.2477 -0.578 0.0039, 0.0109 -0.3878 0.0039, 0.2862 -0.4396 0.0039, 0.2747 -0.4212 0.0039, 0.3878 -0.3878 0.0039, 0.2156 -0.4092 0.0039, 0.2304 -0.4145 0.0039, 0.1537 -0.5548 0.0039, 0.244 -0.4236 0.0039, 0.2559 -0.4367 0.0039, 0.2702 -0.4883 0.0039, 0.2682 -0.5096 0.0039, 0.2629 -0.5266 0.0039, 0.219 -0.5634 0.0039, 0.2007 -0.5654 0.0039, 0.2334 -0.5581 0.0039, 0.2455 -0.55 0.0039, 0.2547 -0.5402 0.0039, 0.1746 -0.5625 0.0039, 0.264 -0.4519 0.0039, 0.2693 -0.473 0.0039, 0.2635 -0.5679 0.0039, 0.2783 -0.5523 0.0039, 0.3134 -0.563 0.0039, 0.2888 -0.5336 0.0039, 0.3878 -0.563 0.0039, 0.2947 -0.5127 0.0039, 0.2966 -0.4899 0.0039, 0.2938 -0.4619 0.0039, 0.2569 -0.4041 0.0039, 0.2382 -0.3934 0.0039, 0.2163 -0.387 0.0039, 0.1965 -0.3854 0.0039, 0.1729 -0.387 0.0039, 0.1502 -0.3932 0.0039, 0.1502 -0.4196 0.0039, 0.1723 -0.4101 0.0039, 0.1963 -0.407 0.0039, 0.191 -0.5858 0.0039, 0.1989 -0.587 0.0039, -0.0131 -1.4567 0.0039, 0.2043 -0.587 0.0039, 0.4142 -0.3878 0.0039, 1.2204 0.2756 0.0039, 1.2204 -0.5858 0.0039, 1.2204 -1.4567 0.0039, -1.2205 -1.4567 0.0039, -1.2205 -0.5858 0.0039, 0.1711 -0.5831 0.0039, -0.2051 -0.5846 0.0039, -0.1809 -0.5307 0.0039, -0.1696 -0.5483 0.0039, -0.354 -0.5846 0.0039, -0.3828 -0.5846 0.0039, -0.306 -0.3878 0.0039, -1.2205 0.2756 0.0039, -0.2795 -0.3878 0.0039, -0.1534 -0.5638 0.0039, -0.1329 -0.5758 0.0039, -0.1102 -0.5825 0.0039, -0.0858 -0.5846 0.0039, -0.0323 -0.5846 0.0039, -0.0323 -0.3878 0.0039, -0.0878 -0.3878 0.0039, -0.1609 -0.4135 0.0039, -0.1749 -0.4289 0.0039, -0.184 -0.4458 0.0039, -0.1163 -0.3908 0.0039, -0.1393 -0.3989 0.0039, -0.1607 -0.4133 0.0039, -0.2339 -0.5846 0.0039, -0.2527 -0.5294 0.0039, -0.334 -0.5294 0.0039, -0.1893 -0.4652 0.0039, -0.1907 -0.4837 0.0039, -0.188 -0.5101 0.0039
            ]
        }
        coordIndex [
            0,1,2,-1,2,1,3,-1,2,3,4,-1,5,4,6,-1,6,4,7,-1,8,9,10,-1,10,9,11,-1,12,13,14,-1,14,13,1,-1,15,16,17,-1,17,16,18,-1,17,18,19,-1,7,20,0,-1,0,20,10,-1,0,10,1,-1,1,10,11,-1,1,11,14,-1,21,22,23,-1,24,25,26,-1,26,25,27,-1,26,27,28,-1,29,30,26,-1,26,30,31,-1,32,33,34,-1,34,33,35,-1,31,36,26,-1,26,36,35,-1,26,35,37,-1,37,35,33,-1,28,38,26,-1,26,38,39,-1,26,39,29,-1,19,40,17,-1,17,40,41,-1,17,41,42,-1,42,41,43,-1,42,43,44,-1,43,45,44,-1,44,45,46,-1,44,46,23,-1,23,46,47,-1,23,47,21,-1,48,49,0,-1,0,49,50,-1,0,50,51,-1,51,52,0,-1,0,52,53,-1,0,53,7,-1,7,53,54,-1,7,54,6,-1,6,54,55,-1,6,55,26,-1,26,55,56,-1,26,56,24,-1,57,58,59,-1,59,58,60,-1,59,60,16,-1,22,48,23,-1,23,48,0,-1,23,0,61,-1,61,0,62,-1,61,62,15,-1,15,62,63,-1,15,63,16,-1,16,63,64,-1,16,64,59,-1,65,66,59,-1,59,66,2,-1,59,2,57,-1,57,2,4,-1,57,4,67,-1,67,4,5,-1,68,69,70,-1,71,2,72,-1,72,2,66,-1,72,66,73,-1,73,66,74,-1,73,74,75,-1,75,74,0,-1,70,76,68,-1,68,76,77,-1,68,77,78,-1,79,80,2,-1,2,80,81,-1,2,81,0,-1,0,81,82,-1,83,84,75,-1,75,84,85,-1,82,86,0,-1,0,86,87,-1,0,87,75,-1,75,87,88,-1,75,88,83,-1,78,79,68,-1,68,79,2,-1,68,2,89,-1,89,2,71,-1,89,71,90,-1,90,71,91,-1,85,92,75,-1,75,92,93,-1,75,93,68,-1,68,93,94,-1,68,94,69,-1,
        ]
    }
}
Shape{
    appearance Appearance {
        material  Material {
            diffuseColor 0.7686274509803922 0.7686274509803922 0.7686274509803922
            specularColor 0.615686274509804 0.615686274509804 0.615686274509804
            ambientIntensity 0.7686
            transparency 0.0
            shininess 0.5
        }
    }
    geometry IndexedFaceSet {
        ccw TRUE
        solid FALSE
        coord DEF co Coordinate {
            point [
                1.2401 0.3346 0.0827, 1.3189 0.3346 0.0827, 1.2401 -0.2953 0.0827, 1.3189 -0.2953 0.0827
            ]
        }
        coordIndex [
            0,1,2,-1,2,1,3,-1,
        ]
    }
}
Shape{
    appearance Appearance {
        material  Material {
            diffuseColor 0.8431372549019608 0.8156862745098039 0.7529411764705882
            specularColor 0.25098039215686274 0.24313725490196078 0.22745098039215686
            ambientIntensity 0.8167
            transparency 0.0
            shininess 0.5
        }
    }
    geometry IndexedFaceSet {
        ccw TRUE
        solid FALSE
        coord DEF co Coordinate {
            point [
                1.3385 -0.2953 0.0827, 1.3385 0.3149 0.0827, 1.6929 -0.2953 0.0827, 1.6929 0.3149 0.0827, 1.3385 -0.689 0.0827, 1.6929 -0.689 0.0827, 1.3385 -0.7087 0.0827, 1.6929 -1.4567 0.0827, 1.2204 -0.7087 0.0827, 1.2204 -1.4567 0.0827
            ]
        }
        coordIndex [
            0,1,2,-1,2,1,3,-1,4,5,6,-1,6,5,7,-1,6,7,8,-1,8,7,9,-1,
        ]
    }
}
Shape{
    appearance Appearance {
        material  Material {
            diffuseColor 0.7686274509803922 0.7686274509803922 0.7686274509803922
            specularColor 0.615686274509804 0.615686274509804 0.615686274509804
            ambientIntensity 0.7686
            transparency 0.0
            shininess 0.5
        }
    }
    geometry IndexedFaceSet {
        ccw TRUE
        solid FALSE
        coord DEF co Coordinate {
            point [
                -1.3189 0.3346 0.0827, -1.2402 0.3346 0.0827, -1.3189 -0.2953 0.0827, -1.2402 -0.2953 0.0827
            ]
        }
        coordIndex [
            0,1,2,-1,2,1,3,-1,
        ]
    }
}
Shape{
    appearance Appearance {
        material  Material {
            diffuseColor 0.8431372549019608 0.8156862745098039 0.7529411764705882
            specularColor 0.25098039215686274 0.24313725490196078 0.22745098039215686
            ambientIntensity 0.8167
            transparency 0.0
            shininess 0.5
        }
    }
    geometry IndexedFaceSet {
        ccw TRUE
        solid FALSE
        coord DEF co Coordinate {
            point [
                -1.693 -0.2953 0.0827, -1.693 0.3149 0.0827, -1.3386 -0.2953 0.0827, -1.3386 0.3149 0.0827, -1.2205 -0.7087 0.0827, -1.2205 -1.4567 0.0827, -1.3386 -0.7087 0.0827, -1.693 -1.4567 0.0827, -1.3386 -0.689 0.0827, -1.693 -0.689 0.0827, 1.3189 -0.7087 0.1024, 1.3189 -0.7087 0.6732, 1.3189 -0.689 0.1024, 1.3189 -0.689 0.6732, 1.2401 -0.7087 0.6732, 1.2401 -0.689 0.6732, 1.2401 -0.7087 0.1024, 1.2401 -0.689 0.1024, -1.3189 -0.7087 0.6732, -1.3189 -0.7087 0.1024, -1.3189 -0.689 0.6732, -1.3189 -0.689 0.1024, -1.2402 -0.7087 0.1024, -1.2402 -0.7087 0.6732, -1.2402 -0.689 0.1024, -1.2402 -0.689 0.6732, -1.2205 0.3149 0.0827, -0.9252 0.3149 0.0827, -1.2205 0.2756 0.0827, -0.9252 0.2756 0.0827, 1.2204 0.2756 0.0827, 0.9252 0.2756 0.0827, 1.2204 0.3149 0.0827, 0.9252 0.3149 0.0827, 0.9252 -0.8858 0.2402, 0.9252 -1.2599 0.2402, 1.122 -0.8858 0.2402, 1.5157 -1.2599 0.2402, 1.122 -0.7677 0.2402, 1.5157 -0.7677 0.2402, 1.5157 -1.4567 0.1484, 0.9252 -1.4567 0.1484, 0.7283 0.2756 0.0827, 0.7283 0.3149 0.0827, 0.8464 0.2756 0.0827, 0.8464 0.3149 0.0827, 0.7283 -0.8858 0.2402, 0.7283 -1.2599 0.2402, 0.8464 -0.8858 0.2402, 0.8464 -1.2599 0.2402, 0.7283 -1.4567 0.1484, 0.8464 -1.4567 0.1484, 0.5315 0.2756 0.0827, 0.5315 0.3149 0.0827, 0.6496 0.2756 0.0827, 0.6496 0.3149 0.0827, 0.5315 -0.8858 0.2402, 0.5315 -1.2599 0.2402, 0.6496 -0.8858 0.2402, 0.6496 -1.2599 0.2402, 0.5315 -1.4567 0.1484, 0.6496 -1.4567 0.1484, 0.3346 0.2756 0.0827, 0.3346 0.3149 0.0827, 0.4527 0.2756 0.0827, 0.4527 0.3149 0.0827, 0.3346 -0.8858 0.2402, 0.3346 -1.2599 0.2402, 0.4527 -0.8858 0.2402, 0.4527 -1.2599 0.2402, 0.3346 -1.4567 0.1484, 0.4527 -1.4567 0.1484, 0.1378 0.2756 0.0827, 0.1378 0.3149 0.0827, 0.2559 0.2756 0.0827, 0.2559 0.3149 0.0827, 0.1378 -0.8858 0.2402, 0.1378 -1.2599 0.2402, 0.2559 -0.8858 0.2402, 0.2559 -1.2599 0.2402, 0.1378 -1.4567 0.1484, 0.2559 -1.4567 0.1484, -0.0591 0.2756 0.0827, -0.0591 0.3149 0.0827, 0.059 0.2756 0.0827, 0.059 0.3149 0.0827, -0.0591 -0.8858 0.2402, -0.0591 -1.2599 0.2402, 0.059 -0.8858 0.2402, 0.059 -1.2599 0.2402, -0.0591 -1.4567 0.1484, 0.059 -1.4567 0.1484, -0.2559 0.2756 0.0827, -0.2559 0.3149 0.0827, -0.1378 0.2756 0.0827, -0.1378 0.3149 0.0827, -0.2559 -0.8858 0.2402, -0.2559 -1.2599 0.2402, -0.1378 -0.8858 0.2402, -0.1378 -1.2599 0.2402, -0.2559 -1.4567 0.1484, -0.1378 -1.4567 0.1484, -0.4528 0.2756 0.0827, -0.4528 0.3149 0.0827, -0.3347 0.2756 0.0827, -0.3347 0.3149 0.0827, -0.4528 -0.8858 0.2402, -0.4528 -1.2599 0.2402, -0.3347 -0.8858 0.2402, -0.3347 -1.2599 0.2402, -0.4528 -1.4567 0.1484, -0.3347 -1.4567 0.1484, -0.6496 0.2756 0.0827, -0.6496 0.3149 0.0827, -0.5315 0.2756 0.0827, -0.5315 0.3149 0.0827, -0.6496 -0.8858 0.2402, -0.6496 -1.2599 0.2402, -0.5315 -0.8858 0.2402, -0.5315 -1.2599 0.2402, -0.6496 -1.4567 0.1484, -0.5315 -1.4567 0.1484, -0.8465 0.2756 0.0827, -0.8465 0.3149 0.0827, -0.7284 0.2756 0.0827, -0.7284 0.3149 0.0827, -0.8465 -0.8858 0.2402, -0.8465 -1.2599 0.2402, -0.7284 -0.8858 0.2402, -0.7284 -1.2599 0.2402, -0.8465 -1.4567 0.1484, -0.7284 -1.4567 0.1484, 1.2276 0.3149 0.0856, 1.2245 0.3149 0.0839, 0.9252 0.3149 0.6929, 1.2238 0.3149 0.0835, 1.2217 0.3149 0.083, -1.2217 0.3149 0.0829, -1.2226 0.3149 0.083, -1.2238 0.3149 0.0836, 1.2401 0.3149 0.6732, 1.2401 0.3149 0.1024, 1.2399 0.3149 0.1012, 1.2398 0.3149 0.1003, 1.2392 0.3149 0.099, 1.2384 0.3149 0.0972, 1.2366 0.3149 0.0948, 1.2343 0.3149 0.0917, 1.2299 0.3149 0.0877, -1.2257 0.3149 0.0844, -1.228 0.3149 0.0862, -1.2312 0.3149 0.0885, -1.2352 0.3149 0.0929, -1.2373 0.3149 0.0952, -1.239 0.3149 0.0983, -1.2394 0.3149 0.099, 1.7913 0.3149 0.7861, 1.7995 0.3149 0.7798, 1.6535 0.3149 0.6929, 1.8057 0.3149 0.7717, -0.3347 0.3149 0.6929, -0.7284 0.3149 0.6929, -1.8101 0.3149 0.7607, -1.8072 0.3149 0.7691, -1.6536 0.3149 0.6929, -1.693 0.3149 0.2008, 1.3385 0.3149 0.0827, 1.3374 0.3149 0.0829, 1.3976 0.3149 0.2992, 1.3976 0.3149 0.6929, 1.7716 0.3149 0.7913, 1.7818 0.3149 0.79, 0.8464 0.3149 0.6929, 1.6929 0.3149 0.0827, 1.6929 0.3149 0.2008, 1.811 0.3149 0.2008, 1.6535 0.3149 0.2992, 1.811 0.3149 0.752, 1.8096 0.3149 0.7622, -1.8025 0.3149 0.7765, -1.7962 0.3149 0.7827, -1.7888 0.3149 0.7874, -1.3315 0.3149 0.0856, -1.3346 0.3149 0.0839, -1.3977 0.3149 0.2992, -1.3352 0.3149 0.0835, -1.3373 0.3149 0.083, 1.3197 0.3149 0.099, 1.3192 0.3149 0.1011, 1.3189 0.3149 0.1024, 1.3189 0.3149 0.6732, 0.7283 0.3149 0.6929, 0.6496 0.3149 0.6929, -1.3224 0.3149 0.0948, -1.3248 0.3149 0.0917, -1.3291 0.3149 0.0877, -1.6536 0.3149 0.2992, -1.8111 0.3149 0.2008, -1.8111 0.3149 0.752, -1.3191 0.3149 0.1012, -1.3193 0.3149 0.1003, -1.3198 0.3149 0.099, -1.3206 0.3149 0.0972, 1.3365 0.3149 0.083, 1.3352 0.3149 0.0836, 1.3334 0.3149 0.0844, 1.331 0.3149 0.0862, 1.3278 0.3149 0.0885, 1.3239 0.3149 0.0929, 1.3218 0.3149 0.0952, 1.32 0.3149 0.0983, -1.2399 0.3149 0.1011, -1.2402 0.3149 0.1024, -0.9252 0.3149 0.6929, -1.2402 0.3149 0.6732, -1.3977 0.3149 0.6929, -1.3189 0.3149 0.6732, -1.3189 0.3149 0.1024, 0.5315 0.3149 0.6929, 0.4527 0.3149 0.6929, 0.3346 0.3149 0.6929, 0.2559 0.3149 0.6929, 0.1378 0.3149 0.6929, 0.059 0.3149 0.6929, -0.0591 0.3149 0.6929, -0.1378 0.3149 0.6929, -0.4528 0.3149 0.6929, -0.5315 0.3149 0.6929, -0.2559 0.3149 0.6929, -1.7805 0.3149 0.7904, -1.7717 0.3149 0.7913, -0.8465 0.3149 0.6929, -0.6496 0.3149 0.6929, -1.2205 -1.4567 0.0039, -1.2205 -0.5858 0.0039, -1.2205 0.2756 0.0039, 1.2204 0.2756 0.0039, 1.2204 -0.5858 0.0039, 1.2204 -0.7087 0.0827, 1.2204 -1.4567 0.0039, 1.2204 -1.4567 0.0827, 1.6929 -1.4567 0.0827, 1.6929 -1.4567 0.2008, 0.8464 -1.4567 0.0827, -0.0131 -1.4567 0.0039, 1.811 -1.4567 0.2008, 1.7716 -1.4567 0.7913, 1.5157 -1.4567 0.7913, 0.9252 -1.4567 0.0827, 1.811 -1.4567 0.752, 1.8096 -1.4567 0.7622, 1.8057 -1.4567 0.7717, 0.6496 -1.4567 0.0827, 1.7995 -1.4567 0.7798, 1.7913 -1.4567 0.7861, 1.7818 -1.4567 0.79, 0.5315 -1.4567 0.0827, 0.4527 -1.4567 0.0827, 0.7283 -1.4567 0.0827, 0.2559 -1.4567 0.0827, 0.1378 -1.4567 0.0827, 0.059 -1.4567 0.0827, 0.3346 -1.4567 0.0827, -0.0591 -1.4567 0.0827, -0.1378 -1.4567 0.0827, -0.2559 -1.4567 0.0827, -0.3347 -1.4567 0.0827, -0.5315 -1.4567 0.0827, -0.6496 -1.4567 0.0827, -0.7284 -1.4567 0.0827, -0.4528 -1.4567 0.0827, -1.5158 -1.4567 0.1484, -0.8465 -1.4567 0.0827, -0.9252 -1.4567 0.0827, -0.9252 -1.4567 0.1484, -1.693 -1.4567 0.2008, -1.5158 -1.4567 0.7913, -1.7717 -1.4567 0.7913, -1.7805 -1.4567 0.7904, -1.7888 -1.4567 0.7874, -1.7962 -1.4567 0.7827, -1.8111 -1.4567 0.2008, -1.8111 -1.4567 0.752, -1.8101 -1.4567 0.7607, -1.8072 -1.4567 0.7691, -1.8025 -1.4567 0.7765, -1.5158 -0.7677 0.7913, -1.1221 -0.7677 0.7913, 1.5157 -0.7677 0.7913, 1.122 -0.7677 0.7913, 1.122 -0.8858 0.7913, -1.1221 -0.8858 0.7913, -1.693 -0.4725 0.0827, -1.693 -0.4725 0.0039, -1.693 -0.5118 0.0039, -1.693 -0.5118 0.0827, 1.6929 -0.689 0.0827, 1.6929 -0.5118 0.0827, 1.6929 -0.5118 0.0039, 1.6929 -0.4725 0.0039, 1.6929 -0.4725 0.0827, 1.6929 -0.2953 0.0827, -1.5158 -0.7677 0.2402, -1.5158 -1.2599 0.2402, -1.1221 -0.7677 0.2402, -1.1221 -0.8858 0.2402, 0.6496 -0.8858 0.6929, 0.7283 -0.8858 0.6929, -0.9252 -0.8858 0.2402, -0.5315 -0.8858 0.6929, -0.4528 -0.8858 0.6929, 0.5315 -0.8858 0.6929, -0.6496 -0.8858 0.6929, -0.9252 -0.8858 0.6929, -0.8465 -0.8858 0.6929, -0.1378 -0.8858 0.6929, -0.0591 -0.8858 0.6929, 0.9252 -0.8858 0.6929, 0.8464 -0.8858 0.6929, -0.7284 -0.8858 0.6929, -0.2559 -0.8858 0.6929, -0.3347 -0.8858 0.6929, 0.2559 -0.8858 0.6929, 0.3346 -0.8858 0.6929, 0.1378 -0.8858 0.6929, 0.059 -0.8858 0.6929, 0.4527 -0.8858 0.6929, -0.9252 -1.2599 0.2402, -1.6536 -0.6693 0.6929, -1.6536 -0.6693 0.2992, -1.3977 -0.6693 0.2992, -1.3977 -0.6693 0.6929, 1.6535 -0.6693 0.6929, 1.3976 -0.6693 0.6929, 1.3976 -0.6693 0.2992, 1.6535 -0.6693 0.2992, -0.0131 0.2756 0.0039, -1.2217 -0.7087 0.0828, -1.3373 -0.7087 0.0828, -1.2239 -0.7087 0.0834, -1.2218 -0.7087 0.0828, -1.3369 -0.7087 0.0829, -1.3345 -0.7087 0.0838, -1.3342 -0.7087 0.0839, -1.3295 -0.7087 0.0871, -1.329 -0.7087 0.0876, -1.3223 -0.7087 0.0945, -1.24 -0.7087 0.101, -1.3191 -0.7087 0.1011, -1.24 -0.7087 0.1006, -1.3197 -0.7087 0.099, -1.2391 -0.7087 0.0983, -1.239 -0.7087 0.0979, -1.3222 -0.7087 0.0947, -1.3197 -0.7087 0.0989, -1.319 -0.7087 0.1012, -1.2358 -0.7087 0.0932, -1.2353 -0.7087 0.0928, -1.2283 -0.7087 0.0861, -1.2282 -0.7087 0.086, -1.2239 -0.7087 0.0834, 1.3352 -0.7087 0.0834, 1.3373 -0.7087 0.0828, 1.2394 -0.7087 0.099, 1.3374 -0.7087 0.0828, 1.3385 -0.7087 0.0827, 1.2249 -0.7087 0.0839, 1.2245 -0.7087 0.0838, 1.2222 -0.7087 0.0829, 1.2218 -0.7087 0.0828, 1.2295 -0.7087 0.0871, 1.23 -0.7087 0.0876, 1.2367 -0.7087 0.0945, 1.2368 -0.7087 0.0947, 1.2393 -0.7087 0.0989, 1.319 -0.7087 0.101, 1.24 -0.7087 0.1011, 1.3191 -0.7087 0.1006, 1.32 -0.7087 0.0983, 1.3201 -0.7087 0.0979, 1.24 -0.7087 0.1012, 1.3233 -0.7087 0.0932, 1.3238 -0.7087 0.0928, 1.3307 -0.7087 0.0861, 1.3309 -0.7087 0.086, 1.3351 -0.7087 0.0834, 1.3385 -0.689 0.0827, 1.3385 -0.2953 0.0827
            ]
        }
        coordIndex [
            0,1,2,-1,2,1,3,-1,4,5,6,-1,6,5,7,-1,6,7,8,-1,8,7,9,-1,10,11,12,-1,12,11,13,-1,11,14,13,-1,13,14,15,-1,14,16,15,-1,15,16,17,-1,18,19,20,-1,20,19,21,-1,22,23,24,-1,24,23,25,-1,23,18,25,-1,25,18,20,-1,26,27,28,-1,28,27,29,-1,30,31,32,-1,32,31,33,-1,34,35,36,-1,36,35,37,-1,36,37,38,-1,38,37,39,-1,40,37,41,-1,41,37,35,-1,42,43,44,-1,44,43,45,-1,46,47,48,-1,48,47,49,-1,47,50,49,-1,49,50,51,-1,52,53,54,-1,54,53,55,-1,56,57,58,-1,58,57,59,-1,57,60,59,-1,59,60,61,-1,62,63,64,-1,64,63,65,-1,66,67,68,-1,68,67,69,-1,67,70,69,-1,69,70,71,-1,72,73,74,-1,74,73,75,-1,76,77,78,-1,78,77,79,-1,77,80,79,-1,79,80,81,-1,82,83,84,-1,84,83,85,-1,86,87,88,-1,88,87,89,-1,87,90,89,-1,89,90,91,-1,92,93,94,-1,94,93,95,-1,96,97,98,-1,98,97,99,-1,97,100,99,-1,99,100,101,-1,102,103,104,-1,104,103,105,-1,106,107,108,-1,108,107,109,-1,107,110,109,-1,109,110,111,-1,112,113,114,-1,114,113,115,-1,116,117,118,-1,118,117,119,-1,117,120,119,-1,119,120,121,-1,122,123,124,-1,124,123,125,-1,126,127,128,-1,128,127,129,-1,127,130,129,-1,129,130,131,-1,132,133,134,-1,133,135,136,-1,137,138,139,-1,140,141,134,-1,134,141,142,-1,134,142,143,-1,133,136,134,-1,134,136,32,-1,134,32,33,-1,143,144,134,-1,134,144,145,-1,134,145,146,-1,146,147,134,-1,134,147,148,-1,134,148,132,-1,149,27,139,-1,139,27,26,-1,139,26,137,-1,149,150,27,-1,27,150,151,-1,27,151,152,-1,152,153,27,-1,27,153,154,-1,27,154,155,-1,156,157,158,-1,158,157,159,-1,160,105,103,-1,161,125,123,-1,162,163,164,-1,3,1,165,-1,166,167,168,-1,169,170,158,-1,158,170,171,-1,158,171,156,-1,172,170,134,-1,134,170,169,-1,134,169,140,-1,173,166,174,-1,174,166,168,-1,174,168,175,-1,175,168,176,-1,175,176,177,-1,177,176,158,-1,177,158,178,-1,178,158,159,-1,163,179,164,-1,164,179,180,-1,164,180,181,-1,182,183,184,-1,184,183,185,-1,184,185,186,-1,187,188,168,-1,168,188,189,-1,168,189,169,-1,169,189,190,-1,169,190,140,-1,45,43,172,-1,172,43,191,-1,172,191,170,-1,170,191,192,-1,193,194,184,-1,184,194,195,-1,184,195,182,-1,186,3,184,-1,184,3,165,-1,184,165,196,-1,196,165,197,-1,196,197,164,-1,164,197,198,-1,164,198,162,-1,199,200,201,-1,199,201,184,-1,184,201,202,-1,184,202,193,-1,167,203,168,-1,168,203,204,-1,168,204,205,-1,205,206,168,-1,168,206,207,-1,168,207,208,-1,208,209,168,-1,168,209,210,-1,168,210,187,-1,155,211,27,-1,27,211,212,-1,27,212,213,-1,213,212,214,-1,213,214,215,-1,215,214,216,-1,215,216,184,-1,184,216,217,-1,184,217,199,-1,55,53,192,-1,192,53,218,-1,192,218,170,-1,170,218,219,-1,65,63,219,-1,219,63,220,-1,219,220,170,-1,170,220,221,-1,75,73,221,-1,221,73,222,-1,221,222,170,-1,170,222,223,-1,85,83,223,-1,223,83,224,-1,223,224,170,-1,170,224,225,-1,226,227,170,-1,103,226,160,-1,160,226,170,-1,160,170,228,-1,228,170,225,-1,228,225,93,-1,93,225,95,-1,181,229,164,-1,164,229,230,-1,164,230,215,-1,215,230,170,-1,215,170,213,-1,213,170,231,-1,115,113,227,-1,227,113,232,-1,227,232,170,-1,170,232,161,-1,170,161,231,-1,231,161,123,-1,233,5,234,-1,234,5,4,-1,234,4,235,-1,235,4,28,-1,236,30,237,-1,237,30,238,-1,237,238,239,-1,239,238,240,-1,40,241,242,-1,243,244,239,-1,245,246,242,-1,242,246,247,-1,242,247,40,-1,241,40,240,-1,240,40,41,-1,240,41,239,-1,239,41,248,-1,239,248,243,-1,245,249,246,-1,246,249,250,-1,246,250,251,-1,252,61,60,-1,253,254,251,-1,251,254,255,-1,251,255,246,-1,256,257,244,-1,60,256,252,-1,252,256,244,-1,252,244,258,-1,258,244,243,-1,258,243,50,-1,50,243,51,-1,259,81,80,-1,260,261,244,-1,80,260,259,-1,259,260,244,-1,259,244,262,-1,262,244,257,-1,262,257,70,-1,70,257,71,-1,91,90,263,-1,91,263,261,-1,101,100,264,-1,264,100,265,-1,261,263,244,-1,244,263,264,-1,244,264,233,-1,233,264,265,-1,233,265,266,-1,267,121,120,-1,268,269,233,-1,120,268,267,-1,267,268,233,-1,267,233,270,-1,270,233,266,-1,270,266,110,-1,110,266,111,-1,271,7,5,-1,131,130,269,-1,269,130,272,-1,269,272,233,-1,233,272,273,-1,233,273,5,-1,5,273,274,-1,5,274,271,-1,7,271,275,-1,275,271,276,-1,275,276,277,-1,278,279,280,-1,281,275,282,-1,282,275,277,-1,282,277,283,-1,283,277,284,-1,278,280,277,-1,277,280,285,-1,277,285,284,-1,249,245,177,-1,177,245,175,-1,198,197,282,-1,282,197,281,-1,277,276,286,-1,287,170,286,-1,286,170,230,-1,286,230,277,-1,247,246,288,-1,288,246,170,-1,288,170,289,-1,289,170,287,-1,289,287,290,-1,290,287,291,-1,1,0,165,-1,165,0,292,-1,165,292,275,-1,293,294,292,-1,292,294,295,-1,292,295,275,-1,275,295,9,-1,275,9,7,-1,275,281,165,-1,165,281,197,-1,245,242,175,-1,175,242,174,-1,241,296,242,-1,242,296,297,-1,242,297,174,-1,298,299,297,-1,297,299,300,-1,297,300,174,-1,174,300,301,-1,174,301,173,-1,302,286,303,-1,303,286,276,-1,303,276,271,-1,287,286,304,-1,304,286,302,-1,291,287,305,-1,305,287,304,-1,306,307,290,-1,291,305,308,-1,309,310,290,-1,311,56,58,-1,312,116,118,-1,308,313,291,-1,291,313,314,-1,291,314,290,-1,315,316,290,-1,34,36,317,-1,317,36,290,-1,317,290,318,-1,318,290,307,-1,318,307,48,-1,48,307,46,-1,118,309,312,-1,312,309,290,-1,312,290,319,-1,319,290,314,-1,319,314,128,-1,128,314,126,-1,320,96,98,-1,98,315,320,-1,320,315,290,-1,320,290,321,-1,321,290,310,-1,321,310,108,-1,108,310,106,-1,322,323,290,-1,324,76,78,-1,78,322,324,-1,324,322,290,-1,324,290,325,-1,325,290,316,-1,325,316,88,-1,88,316,86,-1,58,306,311,-1,311,306,290,-1,311,290,326,-1,326,290,323,-1,326,323,68,-1,68,323,66,-1,289,290,38,-1,38,290,36,-1,288,289,39,-1,39,289,38,-1,288,39,247,-1,247,39,37,-1,247,37,40,-1,304,302,305,-1,305,302,303,-1,305,303,308,-1,308,303,327,-1,328,329,164,-1,164,329,196,-1,329,330,196,-1,196,330,184,-1,330,331,184,-1,184,331,215,-1,331,328,215,-1,215,328,164,-1,331,330,328,-1,328,330,329,-1,332,333,158,-1,158,333,169,-1,333,334,169,-1,169,334,168,-1,334,335,168,-1,168,335,176,-1,335,332,176,-1,176,332,158,-1,335,334,332,-1,332,334,333,-1,31,30,236,-1,122,235,29,-1,29,235,28,-1,122,124,235,-1,235,124,112,-1,235,112,336,-1,336,112,114,-1,336,114,102,-1,102,104,336,-1,336,104,92,-1,336,92,94,-1,94,82,336,-1,336,82,84,-1,336,84,72,-1,72,74,336,-1,336,74,62,-1,336,62,64,-1,31,236,44,-1,64,52,336,-1,336,52,54,-1,336,54,236,-1,236,54,42,-1,236,42,44,-1,303,271,327,-1,327,271,274,-1,231,314,213,-1,213,314,313,-1,231,123,122,-1,130,127,272,-1,272,127,126,-1,272,126,122,-1,122,126,314,-1,122,314,231,-1,308,327,274,-1,29,27,213,-1,213,313,29,-1,29,313,308,-1,29,308,273,-1,273,308,274,-1,273,272,29,-1,29,272,122,-1,232,312,161,-1,161,312,319,-1,232,113,112,-1,120,117,268,-1,268,117,116,-1,268,116,112,-1,112,116,312,-1,112,312,232,-1,128,129,131,-1,124,125,161,-1,161,319,124,-1,124,319,128,-1,124,128,269,-1,269,128,131,-1,269,268,124,-1,124,268,112,-1,226,310,227,-1,227,310,309,-1,226,103,102,-1,110,107,270,-1,270,107,106,-1,270,106,102,-1,102,106,310,-1,102,310,226,-1,118,119,121,-1,114,115,227,-1,227,309,114,-1,114,309,118,-1,114,118,267,-1,267,118,121,-1,267,270,114,-1,114,270,102,-1,228,320,160,-1,160,320,321,-1,228,93,92,-1,100,97,265,-1,265,97,96,-1,265,96,92,-1,92,96,320,-1,92,320,228,-1,108,109,111,-1,104,105,160,-1,160,321,104,-1,104,321,108,-1,104,108,266,-1,266,108,111,-1,266,265,104,-1,104,265,92,-1,224,316,225,-1,225,316,315,-1,224,83,82,-1,90,87,263,-1,263,87,86,-1,263,86,82,-1,82,86,316,-1,82,316,224,-1,98,99,101,-1,94,95,225,-1,225,315,94,-1,94,315,98,-1,94,98,264,-1,264,98,101,-1,264,263,94,-1,94,263,82,-1,222,324,223,-1,223,324,325,-1,222,73,72,-1,80,77,260,-1,260,77,76,-1,260,76,72,-1,72,76,324,-1,72,324,222,-1,88,89,91,-1,84,85,223,-1,223,325,84,-1,84,325,88,-1,84,88,261,-1,261,88,91,-1,261,260,84,-1,84,260,72,-1,220,323,221,-1,221,323,322,-1,220,63,62,-1,70,67,262,-1,262,67,66,-1,262,66,62,-1,62,66,323,-1,62,323,220,-1,78,79,81,-1,74,75,221,-1,221,322,74,-1,74,322,78,-1,74,78,259,-1,259,78,81,-1,259,262,74,-1,74,262,62,-1,218,311,219,-1,219,311,326,-1,218,53,52,-1,60,57,256,-1,256,57,56,-1,256,56,52,-1,52,56,311,-1,52,311,218,-1,68,69,71,-1,64,65,219,-1,219,326,64,-1,64,326,68,-1,64,68,257,-1,257,68,71,-1,257,256,64,-1,64,256,52,-1,191,307,192,-1,192,307,306,-1,191,43,42,-1,50,47,258,-1,258,47,46,-1,258,46,42,-1,42,46,307,-1,42,307,191,-1,58,59,61,-1,54,55,192,-1,192,306,54,-1,54,306,58,-1,54,58,252,-1,252,58,61,-1,252,258,54,-1,54,258,42,-1,134,317,172,-1,172,317,318,-1,134,33,31,-1,41,35,248,-1,248,35,34,-1,248,34,31,-1,31,34,317,-1,31,317,134,-1,48,49,51,-1,44,45,172,-1,172,318,44,-1,44,318,48,-1,44,48,243,-1,243,48,51,-1,243,248,44,-1,44,248,31,-1,337,4,6,-1,338,339,6,-1,6,339,340,-1,6,340,337,-1,338,341,339,-1,339,341,342,-1,339,342,343,-1,343,344,339,-1,339,344,345,-1,339,345,346,-1,22,347,348,-1,348,347,349,-1,348,349,350,-1,350,349,351,-1,350,351,352,-1,346,353,339,-1,339,353,354,-1,339,354,350,-1,18,23,19,-1,19,23,22,-1,19,22,355,-1,355,22,348,-1,352,356,350,-1,350,356,357,-1,350,357,358,-1,358,359,350,-1,350,359,360,-1,350,360,339,-1,361,362,363,-1,364,365,238,-1,366,362,367,-1,367,362,368,-1,364,238,362,-1,362,238,369,-1,362,369,368,-1,366,370,362,-1,362,370,371,-1,362,371,372,-1,372,373,362,-1,362,373,374,-1,362,374,363,-1,10,375,376,-1,376,375,377,-1,376,377,363,-1,363,377,378,-1,363,378,379,-1,14,11,16,-1,16,11,10,-1,16,10,380,-1,380,10,376,-1,379,381,363,-1,363,381,382,-1,363,382,383,-1,383,384,363,-1,363,384,385,-1,363,385,361,-1,12,189,188,-1,203,167,364,-1,386,365,364,-1,386,364,387,-1,387,364,167,-1,387,167,166,-1,364,362,203,-1,203,362,361,-1,203,361,204,-1,204,361,385,-1,204,385,205,-1,205,385,384,-1,205,384,206,-1,206,384,207,-1,207,384,383,-1,207,383,208,-1,208,383,382,-1,208,382,209,-1,10,12,375,-1,375,12,188,-1,375,188,377,-1,377,188,187,-1,377,187,378,-1,378,187,210,-1,378,210,379,-1,379,210,209,-1,379,209,381,-1,381,209,382,-1,30,32,136,-1,17,16,380,-1,141,17,142,-1,142,17,380,-1,142,380,143,-1,380,376,143,-1,143,376,363,-1,143,363,144,-1,144,363,374,-1,144,374,145,-1,145,374,373,-1,145,373,146,-1,146,373,147,-1,147,373,372,-1,147,372,148,-1,148,372,371,-1,148,371,132,-1,371,370,132,-1,132,370,366,-1,132,366,133,-1,133,366,367,-1,133,367,135,-1,135,367,368,-1,135,368,136,-1,136,368,369,-1,136,369,30,-1,30,369,238,-1,24,212,211,-1,138,137,337,-1,4,337,28,-1,28,337,137,-1,28,137,26,-1,337,340,138,-1,138,340,339,-1,138,339,139,-1,139,339,360,-1,139,360,149,-1,149,360,359,-1,149,359,150,-1,150,359,151,-1,151,359,358,-1,151,358,152,-1,152,358,357,-1,152,357,153,-1,22,24,347,-1,347,24,211,-1,347,211,349,-1,349,211,155,-1,349,155,351,-1,351,155,154,-1,351,154,352,-1,352,154,153,-1,352,153,356,-1,356,153,357,-1,2,3,186,-1,21,19,355,-1,217,21,199,-1,199,21,355,-1,199,355,200,-1,355,348,200,-1,200,348,350,-1,200,350,201,-1,201,350,354,-1,201,354,202,-1,202,354,353,-1,202,353,193,-1,193,353,194,-1,194,353,346,-1,194,346,195,-1,195,346,345,-1,195,345,182,-1,338,6,8,-1,8,2,338,-1,338,2,186,-1,338,186,341,-1,341,186,185,-1,341,185,342,-1,342,185,183,-1,342,183,343,-1,343,183,182,-1,343,182,344,-1,344,182,345,-1,
        ]
    }
}
Shape{
    appearance Appearance {
        material  Material {
            diffuseColor 0.7686274509803922 0.7686274509803922 0.7686274509803922
            specularColor 0.615686274509804 0.615686274509804 0.615686274509804
            ambientIntensity 0.7686
            transparency 0.0
            shininess 0.5
        }
    }
    geometry IndexedFaceSet {
        ccw TRUE
        solid FALSE
        coord DEF co Coordinate {
            point [
                -1.2402 0.3149 0.6732, -1.2402 0.3346 0.6732, -1.3189 0.3149 0.6732, -1.3189 0.3346 0.6732, -1.2402 0.3346 0.0827, -1.2402 0.3149 0.1024, -1.2402 -0.2953 0.0827, -1.2402 -0.689 0.1024, -1.2402 -0.689 0.0827, -1.3189 0.3149 0.1024, -1.3189 0.3346 0.0827, -1.3189 -0.2953 0.0827, -1.3189 -0.689 0.1024, -1.3189 -0.689 0.0827, -1.693 -0.689 0.0827, -1.7717 -0.689 0.0827, -1.7717 -0.689 0.0039, -1.283 -0.689 0.0215, -1.2632 -0.689 0.0403, -1.26 -0.689 0.0445, -1.2495 -0.689 0.0583, -1.2402 -0.689 0.6732, -1.3189 -0.689 0.6732, -1.3123 -0.689 0.0049, -1.3056 -0.689 0.0077, -1.2453 -0.689 0.0666, -1.2422 -0.689 0.0726, -1.241 -0.689 0.0774, -1.3386 -0.689 0.0827, -1.3189 -0.689 0.0039, -1.3142 -0.689 0.0046, -1.3008 -0.689 0.0097, -1.2887 -0.689 0.0177, -1.2404 -0.689 0.0802, 1.3189 0.3149 0.6732, 1.3189 0.3346 0.6732, 1.2401 0.3149 0.6732, 1.2401 0.3346 0.6732, 1.3189 0.3346 0.0827, 1.3189 0.3149 0.1024, 1.3189 -0.2953 0.0827, 1.3189 -0.689 0.1024, 1.3189 -0.689 0.0827, 1.2401 0.3149 0.1024, 1.2401 0.3346 0.0827, 1.2401 -0.2953 0.0827, 1.2401 -0.689 0.1024, 1.2401 -0.689 0.0827, 1.2945 -0.689 0.0133, 1.3056 -0.689 0.0076, 1.3385 -0.689 0.0827, 1.3088 -0.689 0.006, 1.3142 -0.689 0.0047, 1.3164 -0.689 0.0041, 1.3189 -0.689 0.0039, 1.6929 -0.689 0.0827, 1.7716 -0.689 0.0039, 1.7716 -0.689 0.0827, 1.3189 -0.689 0.6732, 1.2401 -0.689 0.6732, 1.2409 -0.689 0.0774, 1.2411 -0.689 0.0761, 1.245 -0.689 0.0665, 1.2599 -0.689 0.0445, 1.2765 -0.689 0.0269, 1.2887 -0.689 0.0177, 1.2458 -0.689 0.0645, 1.2577 -0.689 0.0468, -1.3386 -0.2953 0.0827, -1.693 -0.5118 0.0827, -1.6939 -0.5206 0.0827, -1.6969 -0.5289 0.0827, -1.7015 -0.5364 0.0827, -1.7078 -0.5426 0.0827, -1.7152 -0.5473 0.0827, -1.7236 -0.5502 0.0827, -1.7323 -0.5512 0.0827, -1.7717 -0.5512 0.0827, -1.8111 -0.6496 0.0827, -1.7914 -0.6837 0.0827, -1.7819 -0.6877 0.0827, -1.7995 -0.6775 0.0827, -1.8058 -0.6693 0.0827, -1.8097 -0.6598 0.0827, -1.7819 -0.5525 0.0827, -1.7914 -0.5565 0.0827, -1.7995 -0.5627 0.0827, -1.8058 -0.5709 0.0827, -1.8097 -0.5804 0.0827, -1.8111 -0.5906 0.0827, -1.7323 -0.4331 0.0827, -1.7221 -0.4344 0.0827, -1.693 -0.2953 0.0827, -1.7126 -0.4384 0.0827, -1.7045 -0.4446 0.0827, -1.6982 -0.4528 0.0827, -1.6943 -0.4623 0.0827, -1.693 -0.4725 0.0827, -1.7819 -0.4317 0.0827, -1.7717 -0.4331 0.0827, -1.8111 -0.3937 0.0827, -1.8111 -0.3347 0.0827, -1.8058 -0.315 0.0827, -1.7717 -0.2953 0.0827, -1.7995 -0.3068 0.0827, -1.7819 -0.2966 0.0827, -1.7914 -0.3006 0.0827, -1.8097 -0.3245 0.0827, -1.8097 -0.4039 0.0827, -1.8058 -0.4134 0.0827, -1.7995 -0.4216 0.0827, -1.7914 -0.4278 0.0827, -1.3164 -0.2953 0.0041, -1.3189 -0.2953 0.0039, -1.241 -0.2953 0.0774, -1.2412 -0.2953 0.0761, -1.7717 -0.2953 0.0039, -1.2451 -0.2953 0.0665, -1.2459 -0.2953 0.0645, -1.2578 -0.2953 0.0468, -1.2945 -0.2953 0.0133, -1.3056 -0.2953 0.0076, -1.26 -0.2953 0.0445, -1.2766 -0.2953 0.0269, -1.2887 -0.2953 0.0177, -1.3089 -0.2953 0.006, -1.3142 -0.2953 0.0047, -1.8111 -0.3347 0.0039, -1.8097 -0.3245 0.0039, -1.8058 -0.315 0.0039, -1.7995 -0.3068 0.0039, -1.7914 -0.3006 0.0039, -1.7819 -0.2966 0.0039, -1.8111 -0.3937 0.0039, -1.7717 -0.4331 0.0039, -1.7819 -0.4317 0.0039, -1.7914 -0.4278 0.0039, -1.7995 -0.4216 0.0039, -1.8058 -0.4134 0.0039, -1.8097 -0.4039 0.0039, -1.7323 -0.4331 0.0039, -1.693 -0.4725 0.0039, -1.6943 -0.4623 0.0039, -1.6982 -0.4528 0.0039, -1.7045 -0.4446 0.0039, -1.7126 -0.4384 0.0039, -1.7221 -0.4344 0.0039, -1.7323 -0.5512 0.0039, -1.7236 -0.5502 0.0039, -1.7152 -0.5473 0.0039, -1.7078 -0.5426 0.0039, -1.7015 -0.5364 0.0039, -1.6969 -0.5289 0.0039, -1.6939 -0.5206 0.0039, -1.693 -0.5118 0.0039, -1.7717 -0.5512 0.0039, -1.8111 -0.5906 0.0039, -1.8097 -0.5804 0.0039, -1.8058 -0.5709 0.0039, -1.7995 -0.5627 0.0039, -1.7914 -0.5565 0.0039, -1.7819 -0.5525 0.0039, -1.8111 -0.6496 0.0039, -1.7819 -0.6877 0.0039, -1.7914 -0.6837 0.0039, -1.7995 -0.6775 0.0039, -1.8058 -0.6693 0.0039, -1.8097 -0.6598 0.0039, 1.6929 -0.4725 0.0827, 1.6942 -0.4623 0.0827, 1.6929 -0.2953 0.0827, 1.6981 -0.4528 0.0827, 1.7044 -0.4446 0.0827, 1.7126 -0.4384 0.0827, 1.7221 -0.4344 0.0827, 1.7322 -0.4331 0.0827, 1.7716 -0.4331 0.0827, 1.811 -0.3347 0.0827, 1.8057 -0.315 0.0827, 1.7995 -0.3068 0.0827, 1.7716 -0.2953 0.0827, 1.7913 -0.3006 0.0827, 1.7818 -0.2966 0.0827, 1.811 -0.3937 0.0827, 1.7818 -0.4317 0.0827, 1.7913 -0.4278 0.0827, 1.8096 -0.3245 0.0827, 1.7995 -0.4216 0.0827, 1.8057 -0.4134 0.0827, 1.8096 -0.4039 0.0827, 1.3385 -0.2953 0.0827, 1.7322 -0.5512 0.0827, 1.7235 -0.5502 0.0827, 1.7015 -0.5364 0.0827, 1.6968 -0.5289 0.0827, 1.6939 -0.5206 0.0827, 1.6929 -0.5118 0.0827, 1.7152 -0.5473 0.0827, 1.7077 -0.5426 0.0827, 1.811 -0.6496 0.0827, 1.811 -0.5906 0.0827, 1.7716 -0.5512 0.0827, 1.8096 -0.5804 0.0827, 1.8057 -0.5709 0.0827, 1.7913 -0.6837 0.0827, 1.7995 -0.6775 0.0827, 1.8057 -0.6693 0.0827, 1.8096 -0.6598 0.0827, 1.7995 -0.5627 0.0827, 1.7913 -0.5565 0.0827, 1.7818 -0.5525 0.0827, 1.7818 -0.6877 0.0827, 1.811 -0.3347 0.0039, 1.811 -0.3937 0.0039, 1.7716 -0.2953 0.0039, 1.7818 -0.2966 0.0039, 1.7913 -0.3006 0.0039, 1.7995 -0.3068 0.0039, 1.8057 -0.315 0.0039, 1.8096 -0.3245 0.0039, 1.2403 -0.2953 0.0802, 1.3189 -0.2953 0.0039, 1.3141 -0.2953 0.0046, 1.2452 -0.2953 0.0666, 1.2495 -0.2953 0.0583, 1.26 -0.2953 0.0445, 1.2422 -0.2953 0.0726, 1.241 -0.2953 0.0774, 1.3122 -0.2953 0.0049, 1.3055 -0.2953 0.0077, 1.3007 -0.2953 0.0097, 1.2886 -0.2953 0.0177, 1.2829 -0.2953 0.0215, 1.2631 -0.2953 0.0403, 1.811 -0.6496 0.0039, 1.8096 -0.6598 0.0039, 1.8057 -0.6693 0.0039, 1.7995 -0.6775 0.0039, 1.7913 -0.6837 0.0039, 1.7818 -0.6877 0.0039, 1.811 -0.5906 0.0039, 1.7716 -0.5512 0.0039, 1.7818 -0.5525 0.0039, 1.7913 -0.5565 0.0039, 1.7995 -0.5627 0.0039, 1.8057 -0.5709 0.0039, 1.8096 -0.5804 0.0039, 1.7322 -0.5512 0.0039, 1.6929 -0.5118 0.0039, 1.6939 -0.5206 0.0039, 1.6968 -0.5289 0.0039, 1.7015 -0.5364 0.0039, 1.7077 -0.5426 0.0039, 1.7152 -0.5473 0.0039, 1.7235 -0.5502 0.0039, 1.7322 -0.4331 0.0039, 1.7221 -0.4344 0.0039, 1.7126 -0.4384 0.0039, 1.7044 -0.4446 0.0039, 1.6981 -0.4528 0.0039, 1.6942 -0.4623 0.0039, 1.6929 -0.4725 0.0039, 1.7716 -0.4331 0.0039, 1.8096 -0.4039 0.0039, 1.8057 -0.4134 0.0039, 1.7995 -0.4216 0.0039, 1.7913 -0.4278 0.0039, 1.7818 -0.4317 0.0039
            ]
        }
        coordIndex [
            0,1,2,-1,2,1,3,-1,1,0,4,-1,4,0,5,-1,4,5,6,-1,6,5,7,-1,6,7,8,-1,9,2,3,-1,3,10,9,-1,9,10,11,-1,9,11,12,-1,12,11,13,-1,1,4,3,-1,3,4,10,-1,14,15,16,-1,17,18,13,-1,13,18,19,-1,13,19,12,-1,12,19,20,-1,21,22,7,-1,7,22,12,-1,23,24,13,-1,20,25,12,-1,12,25,26,-1,12,26,27,-1,14,16,28,-1,28,16,29,-1,28,29,13,-1,13,29,30,-1,13,30,23,-1,24,31,13,-1,13,31,32,-1,13,32,17,-1,27,33,12,-1,12,33,8,-1,12,8,7,-1,34,35,36,-1,36,35,37,-1,35,34,38,-1,38,34,39,-1,38,39,40,-1,40,39,41,-1,40,41,42,-1,43,36,37,-1,37,44,43,-1,43,44,45,-1,43,45,46,-1,46,45,47,-1,37,35,44,-1,44,35,38,-1,48,49,50,-1,50,49,51,-1,50,51,52,-1,52,53,50,-1,50,53,54,-1,50,54,55,-1,55,54,56,-1,55,56,57,-1,58,59,41,-1,41,59,46,-1,41,46,47,-1,47,60,41,-1,41,60,61,-1,41,61,62,-1,41,63,42,-1,42,63,64,-1,42,64,50,-1,50,64,65,-1,50,65,48,-1,62,66,41,-1,41,66,67,-1,41,67,63,-1,68,28,11,-1,11,28,13,-1,69,70,14,-1,14,70,71,-1,14,71,72,-1,72,73,14,-1,14,73,74,-1,14,74,75,-1,76,77,78,-1,79,80,81,-1,81,80,15,-1,81,15,82,-1,75,76,14,-1,14,76,78,-1,14,78,15,-1,15,78,83,-1,15,83,82,-1,84,85,86,-1,86,87,84,-1,84,87,88,-1,84,88,77,-1,77,88,89,-1,77,89,78,-1,90,91,92,-1,92,91,93,-1,92,93,94,-1,94,95,92,-1,92,95,96,-1,92,96,97,-1,98,99,100,-1,100,99,101,-1,102,103,104,-1,104,103,105,-1,104,105,106,-1,102,107,103,-1,103,107,101,-1,103,101,92,-1,92,101,99,-1,92,99,90,-1,100,108,109,-1,109,110,100,-1,100,110,111,-1,100,111,98,-1,112,113,68,-1,6,114,11,-1,11,114,115,-1,68,113,92,-1,92,113,116,-1,92,116,103,-1,115,117,11,-1,11,117,118,-1,11,118,119,-1,120,121,68,-1,119,122,11,-1,11,122,123,-1,11,123,68,-1,68,123,124,-1,68,124,120,-1,121,125,68,-1,68,125,126,-1,68,126,112,-1,127,101,107,-1,127,107,128,-1,128,107,102,-1,128,102,129,-1,129,102,104,-1,129,104,130,-1,130,104,106,-1,130,106,131,-1,131,106,105,-1,131,105,132,-1,132,105,103,-1,132,103,116,-1,133,100,127,-1,127,100,101,-1,134,99,98,-1,134,98,135,-1,135,98,111,-1,135,111,136,-1,136,111,110,-1,136,110,137,-1,137,110,109,-1,137,109,138,-1,138,109,108,-1,138,108,139,-1,139,108,100,-1,139,100,133,-1,140,90,134,-1,134,90,99,-1,141,97,142,-1,142,97,96,-1,142,96,143,-1,143,96,95,-1,143,95,144,-1,144,95,94,-1,144,94,145,-1,145,94,93,-1,145,93,146,-1,146,93,91,-1,146,91,140,-1,140,91,90,-1,147,76,148,-1,148,76,75,-1,148,75,149,-1,149,75,74,-1,149,74,150,-1,150,74,73,-1,150,73,151,-1,151,73,72,-1,151,72,152,-1,152,72,71,-1,152,71,153,-1,153,71,70,-1,153,70,154,-1,154,70,69,-1,155,77,147,-1,147,77,76,-1,156,89,88,-1,156,88,157,-1,157,88,87,-1,157,87,158,-1,158,87,86,-1,158,86,159,-1,159,86,85,-1,159,85,160,-1,160,85,84,-1,160,84,161,-1,161,84,77,-1,161,77,155,-1,162,78,156,-1,156,78,89,-1,16,15,80,-1,16,80,163,-1,163,80,79,-1,163,79,164,-1,164,79,81,-1,164,81,165,-1,165,81,82,-1,165,82,166,-1,166,82,83,-1,166,83,167,-1,167,83,78,-1,167,78,162,-1,150,151,29,-1,29,151,152,-1,113,142,143,-1,143,144,113,-1,113,144,145,-1,113,145,116,-1,116,145,146,-1,116,146,140,-1,155,147,16,-1,16,147,148,-1,16,148,29,-1,29,148,149,-1,29,149,150,-1,152,153,29,-1,29,153,154,-1,29,154,113,-1,113,154,141,-1,113,141,142,-1,135,136,133,-1,127,128,140,-1,140,128,129,-1,140,129,130,-1,130,131,140,-1,140,131,132,-1,140,132,116,-1,127,140,133,-1,133,140,134,-1,133,134,135,-1,157,158,155,-1,158,159,155,-1,155,159,160,-1,155,160,161,-1,136,137,133,-1,133,137,138,-1,133,138,139,-1,166,16,165,-1,165,16,163,-1,165,163,164,-1,166,167,16,-1,16,167,162,-1,16,162,155,-1,155,162,156,-1,155,156,157,-1,168,169,170,-1,170,169,171,-1,171,172,170,-1,170,172,173,-1,170,173,174,-1,175,176,177,-1,178,179,180,-1,180,179,181,-1,180,181,182,-1,177,176,183,-1,183,176,184,-1,183,184,185,-1,174,175,170,-1,170,175,177,-1,170,177,180,-1,180,177,186,-1,180,186,178,-1,185,187,183,-1,183,187,188,-1,183,188,189,-1,42,50,40,-1,40,50,190,-1,191,192,55,-1,193,194,55,-1,55,194,195,-1,55,195,196,-1,192,197,55,-1,55,197,198,-1,55,198,193,-1,199,200,201,-1,201,200,202,-1,201,202,203,-1,204,205,199,-1,199,205,206,-1,199,206,207,-1,203,208,201,-1,201,208,209,-1,201,209,210,-1,191,55,201,-1,201,55,57,-1,201,57,199,-1,199,57,211,-1,199,211,204,-1,212,177,213,-1,213,177,183,-1,214,180,182,-1,214,182,215,-1,215,182,181,-1,215,181,216,-1,216,181,179,-1,216,179,217,-1,217,179,178,-1,217,178,218,-1,218,178,186,-1,218,186,219,-1,219,186,177,-1,219,177,212,-1,220,45,40,-1,170,180,214,-1,170,214,190,-1,190,214,221,-1,190,221,222,-1,223,40,224,-1,224,40,225,-1,223,226,40,-1,40,226,227,-1,40,227,220,-1,222,228,190,-1,190,228,229,-1,190,229,230,-1,230,231,190,-1,190,231,232,-1,190,232,40,-1,40,232,233,-1,40,233,225,-1,234,199,207,-1,234,207,235,-1,235,207,206,-1,235,206,236,-1,236,206,205,-1,236,205,237,-1,237,205,204,-1,237,204,238,-1,238,204,211,-1,238,211,239,-1,239,211,57,-1,239,57,56,-1,240,200,234,-1,234,200,199,-1,241,201,210,-1,241,210,242,-1,242,210,209,-1,242,209,243,-1,243,209,208,-1,243,208,244,-1,244,208,203,-1,244,203,245,-1,245,203,202,-1,245,202,246,-1,246,202,200,-1,246,200,240,-1,247,191,241,-1,241,191,201,-1,248,196,249,-1,249,196,195,-1,249,195,250,-1,250,195,194,-1,250,194,251,-1,251,194,193,-1,251,193,252,-1,252,193,198,-1,252,198,253,-1,253,198,197,-1,253,197,254,-1,254,197,192,-1,254,192,247,-1,247,192,191,-1,255,175,256,-1,256,175,174,-1,256,174,257,-1,257,174,173,-1,257,173,258,-1,258,173,172,-1,258,172,259,-1,259,172,171,-1,259,171,260,-1,260,171,169,-1,260,169,261,-1,261,169,168,-1,262,176,255,-1,255,176,175,-1,213,183,189,-1,213,189,263,-1,263,189,188,-1,263,188,264,-1,264,188,187,-1,264,187,265,-1,265,187,185,-1,265,185,266,-1,266,185,184,-1,266,184,267,-1,267,184,176,-1,267,176,262,-1,257,258,221,-1,221,258,259,-1,262,255,213,-1,251,54,250,-1,250,54,249,-1,259,260,221,-1,221,260,261,-1,221,261,54,-1,54,261,248,-1,54,248,249,-1,251,252,54,-1,54,252,253,-1,54,253,56,-1,56,253,254,-1,56,254,247,-1,236,237,247,-1,216,217,255,-1,255,217,218,-1,262,213,267,-1,257,221,256,-1,256,221,214,-1,256,214,255,-1,255,214,215,-1,255,215,216,-1,218,219,255,-1,255,219,212,-1,255,212,213,-1,245,246,241,-1,246,240,241,-1,241,240,234,-1,241,234,247,-1,247,234,235,-1,247,235,236,-1,237,238,247,-1,247,238,239,-1,247,239,56,-1,213,263,264,-1,264,265,213,-1,213,265,266,-1,213,266,267,-1,245,241,244,-1,244,241,242,-1,244,242,243,-1,221,54,53,-1,221,53,222,-1,222,53,52,-1,222,52,228,-1,228,52,51,-1,228,51,229,-1,229,51,49,-1,229,49,230,-1,230,49,48,-1,230,48,231,-1,231,48,65,-1,231,65,232,-1,232,65,64,-1,232,64,233,-1,233,64,63,-1,233,63,225,-1,225,63,67,-1,225,67,224,-1,224,67,66,-1,224,66,223,-1,223,66,62,-1,223,62,226,-1,226,62,61,-1,226,61,227,-1,227,61,60,-1,227,60,220,-1,220,60,47,-1,220,47,45,-1,29,113,112,-1,29,112,30,-1,30,112,126,-1,30,126,23,-1,23,126,125,-1,23,125,24,-1,24,125,121,-1,24,121,31,-1,31,121,120,-1,31,120,32,-1,32,120,124,-1,32,124,17,-1,17,124,123,-1,17,123,18,-1,18,123,122,-1,18,122,19,-1,19,122,119,-1,19,119,20,-1,20,119,118,-1,20,118,25,-1,25,118,117,-1,25,117,26,-1,26,117,115,-1,26,115,27,-1,27,115,114,-1,27,114,33,-1,33,114,6,-1,33,6,8,-1,
        ]
    }
}
Shape{
    appearance Appearance {
        material  Material {
            diffuseColor 0.8431372549019608 0.8156862745098039 0.7529411764705882
            specularColor 0.25098039215686274 0.24313725490196078 0.22745098039215686
            ambientIntensity 0.8167
            transparency 0.0
            shininess 0.5
        }
    }
    geometry IndexedFaceSet {
        ccw TRUE
        solid FALSE
        coord DEF co Coordinate {
            point [
                1.7716 0.3149 0.7913, 1.7716 -1.4567 0.7913, 1.7818 -1.4567 0.79, 1.7818 0.3149 0.79, 1.7913 -1.4567 0.7861, 1.7913 0.3149 0.7861, 1.7995 -1.4567 0.7798, 1.7995 0.3149 0.7798, 1.8057 -1.4567 0.7717, 1.8057 0.3149 0.7717, 1.8096 -1.4567 0.7622, 1.8096 0.3149 0.7622, 1.811 -1.4567 0.752, 1.811 0.3149 0.752, -1.7717 -1.4567 0.7913, -1.7717 0.3149 0.7913, -1.7805 0.3149 0.7904, -1.7805 -1.4567 0.7904, -1.7888 0.3149 0.7874, -1.7888 -1.4567 0.7874, -1.7962 0.3149 0.7827, -1.7962 -1.4567 0.7827, -1.8025 0.3149 0.7765, -1.8025 -1.4567 0.7765, -1.8072 0.3149 0.7691, -1.8072 -1.4567 0.7691, -1.8101 0.3149 0.7607, -1.8101 -1.4567 0.7607, -1.8111 0.3149 0.752, -1.8111 -1.4567 0.752
            ]
        }
        coordIndex [
            0,1,2,-1,0,2,3,-1,3,2,4,-1,3,4,5,-1,5,4,6,-1,5,6,7,-1,7,6,8,-1,7,8,9,-1,9,8,10,-1,9,10,11,-1,11,10,12,-1,11,12,13,-1,14,15,16,-1,14,16,17,-1,17,16,18,-1,17,18,19,-1,19,18,20,-1,19,20,21,-1,21,20,22,-1,21,22,23,-1,23,22,24,-1,23,24,25,-1,25,24,26,-1,25,26,27,-1,27,26,28,-1,27,28,29,-1,
        ]
    }
}
Shape{
    appearance Appearance {
        material  Material {
            diffuseColor 1.0 1.0 1.0
            specularColor 0.8784313725490196 0.8784313725490196 0.8784313725490196
            ambientIntensity 1.0
            transparency 0.0
            shininess 0.5
        }
    }
    geometry IndexedFaceSet {
        ccw TRUE
        solid FALSE
        coord DEF co Coordinate {
            point [
                -0.306 -0.3878 0.0079, -0.3828 -0.5846 0.0079, -0.306 -0.3878 0.0039, -0.3828 -0.5846 0.0039, -0.354 -0.5846 0.0079, -0.354 -0.5846 0.0039, -0.334 -0.5294 0.0079, -0.334 -0.5294 0.0039, -0.2527 -0.5294 0.0079, -0.2527 -0.5294 0.0039, -0.2339 -0.5846 0.0079, -0.2339 -0.5846 0.0039, -0.2051 -0.5846 0.0079, -0.2051 -0.5846 0.0039, -0.2795 -0.3878 0.0079, -0.2795 -0.3878 0.0039, -0.2594 -0.5078 0.0079, -0.3252 -0.5078 0.0079, -0.2887 -0.4256 0.0079, -0.2906 -0.4188 0.0079, -0.2919 -0.4118 0.0079, -0.2925 -0.4118 0.0079, -0.2938 -0.4188 0.0079, -0.2956 -0.4256 0.0079, -0.2594 -0.5078 0.0039, -0.3252 -0.5078 0.0039, -0.2887 -0.4256 0.0039, -0.2906 -0.4188 0.0039, -0.2919 -0.4118 0.0039, -0.2925 -0.4118 0.0039, -0.2938 -0.4188 0.0039, -0.2956 -0.4256 0.0039, -0.0858 -0.5846 0.0079, -0.0323 -0.5846 0.0079, -0.0858 -0.5846 0.0039, -0.0323 -0.5846 0.0039, -0.0323 -0.3878 0.0079, -0.0323 -0.3878 0.0039, -0.0878 -0.3878 0.0079, -0.0878 -0.3878 0.0039, -0.1907 -0.4837 0.0079, -0.1907 -0.4837 0.0039, -0.1893 -0.4652 0.0039, -0.1893 -0.4652 0.0079, -0.184 -0.4458 0.0039, -0.184 -0.4458 0.0079, -0.1749 -0.4289 0.0039, -0.1749 -0.4289 0.0079, -0.1609 -0.4135 0.0039, -0.1609 -0.4135 0.0079, -0.1607 -0.4133 0.0039, -0.1607 -0.4133 0.0079, -0.1393 -0.3989 0.0039, -0.1393 -0.3989 0.0079, -0.1163 -0.3908 0.0039, -0.1163 -0.3908 0.0079, -0.1102 -0.5825 0.0039, -0.1102 -0.5825 0.0079, -0.1329 -0.5758 0.0039, -0.1329 -0.5758 0.0079, -0.1534 -0.5638 0.0039, -0.1534 -0.5638 0.0079, -0.1696 -0.5483 0.0039, -0.1696 -0.5483 0.0079, -0.1809 -0.5307 0.0039, -0.1809 -0.5307 0.0079, -0.188 -0.5101 0.0039, -0.188 -0.5101 0.0079, -0.1512 -0.437 0.0079, -0.1417 -0.4269 0.0079, -0.1273 -0.4176 0.0079, -0.111 -0.4119 0.0079, -0.0877 -0.4094 0.0079, -0.0587 -0.4094 0.0079, -0.0587 -0.563 0.0079, -0.0866 -0.563 0.0079, -0.1074 -0.5611 0.0079, -0.124 -0.5559 0.0079, -0.1374 -0.548 0.0079, -0.1484 -0.5371 0.0079, -0.1567 -0.5235 0.0079, -0.1625 -0.505 0.0079, -0.1643 -0.4843 0.0079, -0.1626 -0.4647 0.0079, -0.1581 -0.4491 0.0079, -0.0877 -0.4094 0.0039, -0.0587 -0.4094 0.0039, -0.111 -0.4119 0.0039, -0.1273 -0.4176 0.0039, -0.1417 -0.4269 0.0039, -0.1512 -0.437 0.0039, -0.1581 -0.4491 0.0039, -0.1626 -0.4647 0.0039, -0.1643 -0.4843 0.0039, -0.1625 -0.505 0.0039, -0.1567 -0.5235 0.0039, -0.1484 -0.5371 0.0039, -0.1374 -0.548 0.0039, -0.124 -0.5559 0.0039, -0.1074 -0.5611 0.0039, -0.0866 -0.563 0.0039, -0.0587 -0.563 0.0039, 0.0061 -0.563 0.0079, 0.0061 -0.5846 0.0079, 0.0061 -0.563 0.0039, 0.0061 -0.5846 0.0039, 0.1118 -0.5846 0.0079, 0.1118 -0.5846 0.0039, 0.1118 -0.3878 0.0079, 0.1118 -0.3878 0.0039, 0.0109 -0.3878 0.0079, 0.0109 -0.3878 0.0039, 0.0109 -0.4094 0.0079, 0.0109 -0.4094 0.0039, 0.0853 -0.4094 0.0079, 0.0853 -0.4094 0.0039, 0.0853 -0.4742 0.0079, 0.0853 -0.4742 0.0039, 0.0157 -0.4742 0.0079, 0.0157 -0.4742 0.0039, 0.0157 -0.4958 0.0079, 0.0157 -0.4958 0.0039, 0.0853 -0.4958 0.0079, 0.0853 -0.4958 0.0039, 0.0853 -0.563 0.0079, 0.0853 -0.563 0.0039, 0.1502 -0.5528 0.0079, 0.1502 -0.5744 0.0079, 0.1502 -0.5528 0.0039, 0.1502 -0.5744 0.0039, 0.1711 -0.5831 0.0079, 0.2043 -0.587 0.0079, 0.2043 -0.587 0.0039, 0.1989 -0.587 0.0039, 0.1989 -0.587 0.0079, 0.191 -0.5858 0.0039, 0.1711 -0.5831 0.0039, 0.2966 -0.4899 0.0079, 0.2966 -0.4899 0.0039, 0.2947 -0.5127 0.0039, 0.2947 -0.5127 0.0079, 0.2888 -0.5336 0.0039, 0.2888 -0.5336 0.0079, 0.2783 -0.5523 0.0039, 0.2783 -0.5523 0.0079, 0.2635 -0.5679 0.0039, 0.2635 -0.5679 0.0079, 0.2477 -0.578 0.0039, 0.2477 -0.578 0.0079, 0.2286 -0.5845 0.0039, 0.2286 -0.5845 0.0079, 0.2159 -0.5858 0.0039, 0.1965 -0.3854 0.0079, 0.1965 -0.3854 0.0039, 0.2163 -0.387 0.0039, 0.2163 -0.387 0.0079, 0.2382 -0.3934 0.0039, 0.2382 -0.3934 0.0079, 0.2569 -0.4041 0.0039, 0.2569 -0.4041 0.0079, 0.2747 -0.4212 0.0039, 0.2747 -0.4212 0.0079, 0.2862 -0.4396 0.0039, 0.2862 -0.4396 0.0079, 0.2938 -0.4619 0.0039, 0.2938 -0.4619 0.0079, 0.1502 -0.3932 0.0079, 0.1502 -0.3932 0.0039, 0.1729 -0.387 0.0039, 0.1729 -0.387 0.0079, 0.1502 -0.4196 0.0079, 0.1502 -0.4196 0.0039, 0.1963 -0.407 0.0079, 0.1963 -0.407 0.0039, 0.1723 -0.4101 0.0039, 0.1723 -0.4101 0.0079, 0.2702 -0.4883 0.0079, 0.2702 -0.4883 0.0039, 0.2693 -0.473 0.0039, 0.2693 -0.473 0.0079, 0.264 -0.4519 0.0039, 0.264 -0.4519 0.0079, 0.2559 -0.4367 0.0039, 0.2559 -0.4367 0.0079, 0.244 -0.4236 0.0039, 0.244 -0.4236 0.0079, 0.2304 -0.4145 0.0039, 0.2304 -0.4145 0.0079, 0.2156 -0.4092 0.0039, 0.2156 -0.4092 0.0079, 0.2007 -0.5654 0.0079, 0.2007 -0.5654 0.0039, 0.219 -0.5634 0.0039, 0.219 -0.5634 0.0079, 0.2334 -0.5581 0.0039, 0.2334 -0.5581 0.0079, 0.2455 -0.55 0.0039, 0.2455 -0.55 0.0079, 0.2547 -0.5402 0.0039, 0.2547 -0.5402 0.0079, 0.2629 -0.5266 0.0039, 0.2629 -0.5266 0.0079, 0.2682 -0.5096 0.0039, 0.2682 -0.5096 0.0079, 0.1537 -0.5548 0.0039, 0.1537 -0.5548 0.0079, 0.1746 -0.5625 0.0039, 0.1746 -0.5625 0.0079, 0.3134 -0.563 0.0079, 0.3134 -0.5846 0.0079, 0.3134 -0.563 0.0039, 0.3134 -0.5846 0.0039, 0.4142 -0.5846 0.0079, 0.4142 -0.5846 0.0039, 0.4142 -0.3878 0.0079, 0.4142 -0.3878 0.0039, 0.3878 -0.3878 0.0079, 0.3878 -0.3878 0.0039, 0.3878 -0.563 0.0079, 0.3878 -0.563 0.0039
            ]
        }
        coordIndex [
            0,1,2,-1,2,1,3,-1,1,4,3,-1,3,4,5,-1,4,6,5,-1,5,6,7,-1,6,8,7,-1,7,8,9,-1,8,10,9,-1,9,10,11,-1,10,12,11,-1,11,12,13,-1,12,14,13,-1,13,14,15,-1,14,0,15,-1,15,0,2,-1,16,8,17,-1,17,8,6,-1,18,14,16,-1,16,14,12,-1,16,12,8,-1,8,12,10,-1,18,19,14,-1,14,19,20,-1,14,20,0,-1,0,20,21,-1,0,21,22,-1,22,23,0,-1,0,23,17,-1,0,17,1,-1,1,17,6,-1,1,6,4,-1,16,17,24,-1,24,17,25,-1,18,16,26,-1,26,16,24,-1,18,26,27,-1,18,27,19,-1,19,27,28,-1,19,28,20,-1,21,20,29,-1,29,20,28,-1,21,29,30,-1,21,30,22,-1,22,30,31,-1,22,31,23,-1,17,23,25,-1,25,23,31,-1,32,33,34,-1,34,33,35,-1,33,36,35,-1,35,36,37,-1,36,38,37,-1,37,38,39,-1,40,41,42,-1,40,42,43,-1,43,42,44,-1,43,44,45,-1,45,44,46,-1,45,46,47,-1,47,46,48,-1,47,48,49,-1,49,48,50,-1,49,50,51,-1,51,50,52,-1,51,52,53,-1,53,52,54,-1,53,54,55,-1,55,54,39,-1,55,39,38,-1,32,34,56,-1,32,56,57,-1,57,56,58,-1,57,58,59,-1,59,58,60,-1,59,60,61,-1,61,60,62,-1,61,62,63,-1,63,62,64,-1,63,64,65,-1,65,64,66,-1,65,66,67,-1,67,66,41,-1,67,41,40,-1,45,47,68,-1,68,47,49,-1,68,49,69,-1,69,49,51,-1,69,51,70,-1,70,51,53,-1,70,53,71,-1,71,53,55,-1,71,55,72,-1,72,55,38,-1,72,38,73,-1,73,38,36,-1,73,36,74,-1,74,36,33,-1,74,33,75,-1,75,33,32,-1,75,32,76,-1,76,32,57,-1,76,57,77,-1,77,57,59,-1,77,59,78,-1,78,59,61,-1,78,61,79,-1,79,61,63,-1,79,63,80,-1,80,63,65,-1,80,65,81,-1,81,65,67,-1,81,67,82,-1,82,67,40,-1,82,40,83,-1,83,40,43,-1,83,43,84,-1,84,43,45,-1,84,45,68,-1,72,73,85,-1,85,73,86,-1,72,85,87,-1,72,87,71,-1,71,87,88,-1,71,88,70,-1,70,88,89,-1,70,89,69,-1,69,89,90,-1,69,90,68,-1,68,90,91,-1,68,91,84,-1,84,91,92,-1,84,92,83,-1,83,92,93,-1,83,93,82,-1,82,93,94,-1,82,94,81,-1,81,94,95,-1,81,95,80,-1,80,95,96,-1,80,96,79,-1,79,96,97,-1,79,97,78,-1,78,97,98,-1,78,98,77,-1,77,98,99,-1,77,99,76,-1,76,99,100,-1,76,100,75,-1,74,75,101,-1,101,75,100,-1,73,74,86,-1,86,74,101,-1,102,103,104,-1,104,103,105,-1,103,106,105,-1,105,106,107,-1,106,108,107,-1,107,108,109,-1,108,110,109,-1,109,110,111,-1,110,112,111,-1,111,112,113,-1,112,114,113,-1,113,114,115,-1,114,116,115,-1,115,116,117,-1,116,118,117,-1,117,118,119,-1,118,120,119,-1,119,120,121,-1,120,122,121,-1,121,122,123,-1,122,124,123,-1,123,124,125,-1,124,102,125,-1,125,102,104,-1,106,103,102,-1,102,124,106,-1,106,124,122,-1,106,122,108,-1,112,110,114,-1,114,110,108,-1,114,108,116,-1,116,108,122,-1,116,122,118,-1,118,122,120,-1,126,127,128,-1,128,127,129,-1,129,127,130,-1,131,132,133,-1,131,133,134,-1,134,133,135,-1,134,135,130,-1,130,135,136,-1,130,136,129,-1,137,138,139,-1,137,139,140,-1,140,139,141,-1,140,141,142,-1,142,141,143,-1,142,143,144,-1,144,143,145,-1,144,145,146,-1,146,145,147,-1,146,147,148,-1,148,147,149,-1,148,149,150,-1,150,149,131,-1,131,149,151,-1,131,151,132,-1,152,153,154,-1,152,154,155,-1,155,154,156,-1,155,156,157,-1,157,156,158,-1,157,158,159,-1,159,158,160,-1,159,160,161,-1,161,160,162,-1,161,162,163,-1,163,162,164,-1,163,164,165,-1,165,164,138,-1,165,138,137,-1,166,167,168,-1,166,168,169,-1,169,168,153,-1,169,153,152,-1,166,170,167,-1,167,170,171,-1,172,173,174,-1,172,174,175,-1,175,174,171,-1,175,171,170,-1,176,177,178,-1,176,178,179,-1,179,178,180,-1,179,180,181,-1,181,180,182,-1,181,182,183,-1,183,182,184,-1,183,184,185,-1,185,184,186,-1,185,186,187,-1,187,186,188,-1,187,188,189,-1,189,188,173,-1,189,173,172,-1,190,191,192,-1,190,192,193,-1,193,192,194,-1,193,194,195,-1,195,194,196,-1,195,196,197,-1,197,196,198,-1,197,198,199,-1,199,198,200,-1,199,200,201,-1,201,200,202,-1,201,202,203,-1,203,202,177,-1,203,177,176,-1,126,128,204,-1,126,204,205,-1,205,204,206,-1,205,206,207,-1,207,206,191,-1,207,191,190,-1,193,131,190,-1,190,131,134,-1,190,134,207,-1,207,134,130,-1,207,130,205,-1,205,130,127,-1,205,127,126,-1,170,166,175,-1,175,166,169,-1,175,169,172,-1,172,169,152,-1,172,152,189,-1,189,152,155,-1,189,155,187,-1,187,155,157,-1,187,157,185,-1,185,157,159,-1,185,159,183,-1,183,159,161,-1,183,161,181,-1,181,161,163,-1,181,163,179,-1,179,163,165,-1,179,165,176,-1,176,165,137,-1,176,137,203,-1,203,137,140,-1,203,140,201,-1,201,140,142,-1,201,142,199,-1,199,142,144,-1,199,144,197,-1,197,144,146,-1,197,146,195,-1,195,146,148,-1,195,148,193,-1,193,148,150,-1,193,150,131,-1,208,209,210,-1,210,209,211,-1,209,212,211,-1,211,212,213,-1,212,214,213,-1,213,214,215,-1,214,216,215,-1,215,216,217,-1,216,218,217,-1,217,218,219,-1,218,208,219,-1,219,208,210,-1,216,214,218,-1,218,214,212,-1,218,212,208,-1,208,212,209,-1,
        ]
    }
}
Shape{
    appearance Appearance {
        material  Material {
            diffuseColor 0.8431372549019608 0.8156862745098039 0.7529411764705882
            specularColor 0.25098039215686274 0.24313725490196078 0.22745098039215686
            ambientIntensity 0.8167
            transparency 0.0
            shininess 0.5
        }
    }
    geometry IndexedFaceSet {
        ccw TRUE
        solid FALSE
        coord DEF co Coordinate {
            point [
                -0.2594 -0.5078 0.0039, -0.3252 -0.5078 0.0039, -0.2887 -0.4256 0.0039, -0.2956 -0.4256 0.0039, -0.2906 -0.4188 0.0039, -0.2938 -0.4188 0.0039, -0.2919 -0.4118 0.0039, -0.2925 -0.4118 0.0039, -0.0587 -0.4094 0.0039, -0.0587 -0.563 0.0039, -0.0877 -0.4094 0.0039, -0.0866 -0.563 0.0039, -0.1074 -0.5611 0.0039, -0.1643 -0.4843 0.0039, -0.1626 -0.4647 0.0039, -0.1581 -0.4491 0.0039, -0.111 -0.4119 0.0039, -0.124 -0.5559 0.0039, -0.1374 -0.548 0.0039, -0.1484 -0.5371 0.0039, -0.1567 -0.5235 0.0039, -0.1625 -0.505 0.0039, -0.1512 -0.437 0.0039, -0.1417 -0.4269 0.0039, -0.1273 -0.4176 0.0039
            ]
        }
        coordIndex [
            0,1,2,-1,2,1,3,-1,2,3,4,-1,4,3,5,-1,4,5,6,-1,6,5,7,-1,8,9,10,-1,10,9,11,-1,10,11,12,-1,13,14,10,-1,10,14,15,-1,10,15,16,-1,12,17,10,-1,10,17,18,-1,10,18,19,-1,19,20,10,-1,10,20,21,-1,10,21,13,-1,22,23,15,-1,15,23,24,-1,15,24,16,-1,
        ]
    }
}