#VRML V2.0 utf8
# 3D model generated by kicad-lcsc-manager
# Based on easyeda2kicad.py v1.0.1

Shape{
    appearance Appearance {
        material  Material {
            diffuseColor 1.0 1.0 1.0
            specularColor 0.5019607843137255 0.5019607843137255 0.5019607843137255
            ambientIntensity 1.0
            transparency 0.0
            shininess 0.5
        }
    }
    geometry IndexedFaceSet {
        ccw TRUE
        solid FALSE
        coord DEF co Coordinate {
            point [
                1.0236 -0.3937 0.0394, 1.0236 -0.6102 0.0394, 1.0236 -0.3937 0.0, 1.0236 -0.6102 0.0, -1.0236 -0.3937 0.0, -1.0236 -0.6102 0.0, -1.0236 -0.3937 0.0394, -1.0236 -0.6102 0.0394, 1.0236 0.3937 0.0, 1.0236 0.6102 0.0, 1.0236 0.3937 0.0394, 1.0236 0.6102 0.0394, -1.0236 0.3937 0.0394, -1.0236 0.6102 0.0394, -1.0236 0.3937 0.0, -1.0236 0.6102 0.0
            ]
        }
        coordIndex [
            0,1,2,-1,2,1,3,-1,4,5,6,-1,6,5,7,-1,8,9,10,-1,10,9,11,-1,12,13,14,-1,14,13,15,-1,
        ]
    }
}
Shape{
    appearance Appearance {
        material  Material {
            diffuseColor 0.25098039215686274 0.25098039215686274 0.25098039215686274
            specularColor 0.12549019607843137 0.12549019607843137 0.12549019607843137
            ambientIntensity 0.251
            transparency 0.0
            shininess 0.5
        }
    }
    geometry IndexedFaceSet {
        ccw TRUE
        solid FALSE
        coord DEF co Coordinate {
            point [
                -1.315 -0.8015 0.0394, -1.4708 -0.8015 0.0394, -1.4708 0.6357 0.0394, -1.0853 -0.8015 0.0394, -1.315 0.6357 0.0394, 1.063 -0.2756 0.0394, 1.0236 -0.2756 0.0394, 1.0236 0.2756 0.0394, 1.063 0.2756 0.0394, 1.4708 0.6357 0.0394, 1.063 -0.3937 0.0394, 1.4708 -0.8015 0.0394, 1.0236 -0.3937 0.0394, 1.063 0.3937 0.0394, 1.0236 0.3937 0.0394, 1.0236 0.6102 0.0394, -1.0236 0.2756 0.0394, -1.0236 -0.2756 0.0394, -1.063 0.2756 0.0394, -1.063 -0.2756 0.0394, -1.0236 0.3937 0.0394, -1.063 0.3937 0.0394, -1.0853 0.6357 0.0394, -1.063 -0.3937 0.0394, -1.0236 -0.3937 0.0394, -1.0236 -0.6102 0.0394, -1.0114 -0.8015 0.0394, -1.0114 -0.6102 0.0394, -0.9537 -0.8015 0.0394, -0.9537 -0.6102 0.0394, -0.8841 -0.8015 0.0394, -0.8841 -0.6102 0.0394, 1.0236 -0.6102 0.0394, -0.8841 0.6357 0.0394, -0.8841 0.6102 0.0394, -0.9537 0.6357 0.0394, -0.9537 0.6102 0.0394, -1.0114 0.6357 0.0394, -1.0114 0.6102 0.0394, -1.0236 0.6102 0.0394, -0.9537 0.7413 0.0394, -0.9461 0.6748 0.0394, -0.9537 0.6616 0.0394, -0.9461 0.6661 0.0394, -0.9377 0.6627 0.0394, -0.9345 0.7413 0.0394, -0.937 0.7411 0.0394, -0.9461 0.7386 0.0394, -0.9461 0.7281 0.0394, -0.9372 0.7319 0.0394, -0.9447 0.674 0.0394, -0.9276 0.7331 0.0394, -0.9199 0.7323 0.0394, -0.914 0.7301 0.0394, -0.9085 0.7265 0.0394, -0.9038 0.7212 0.0394, -0.8981 0.7006 0.0394, -0.8989 0.6921 0.0394, -0.901 0.6853 0.0394, -0.9185 0.6706 0.0394, -0.9259 0.6697 0.0394, -0.9128 0.6727 0.0394, -0.9079 0.6759 0.0394, -0.9042 0.6798 0.0394, -0.9363 0.6709 0.0394, -0.9005 0.7152 0.0394, -0.8984 0.7067 0.0394, -0.9275 0.7418 0.0394, -0.9537 0.8015 0.0394, -0.9217 0.7413 0.0394, -0.8841 0.8015 0.0394, -0.8916 0.7201 0.0394, -0.8963 0.7274 0.0394, -0.8841 0.7413 0.0394, -0.9071 0.6647 0.0394, -0.9007 0.6688 0.0394, -0.8841 0.6616 0.0394, -0.8948 0.675 0.0394, -0.8906 0.6825 0.0394, -0.9034 0.7343 0.0394, -0.9109 0.7386 0.0394, -0.9196 0.7411 0.0394, -0.8883 0.6908 0.0394, -0.8875 0.7 0.0394, -0.8886 0.7111 0.0394, -0.9297 0.6616 0.0394, -0.9266 0.6611 0.0394, -0.9244 0.6611 0.0394, -0.9198 0.6616 0.0394, -0.9147 0.6621 0.0394, -1.0853 0.6616 0.0394, -1.0114 0.6616 0.0394, -1.4708 0.6616 0.0394, -1.315 0.6616 0.0394, -0.8808 0.6707 0.0394, -0.8808 0.6621 0.0394, -0.8404 0.6621 0.0394, -0.851 0.6707 0.0394, -0.851 0.7408 0.0394, -0.8404 0.7408 0.0394, 1.4708 0.7413 0.0394, 1.4708 0.6616 0.0394, -1.0018 0.7408 0.0394, -1.0114 0.7413 0.0394, -1.0018 0.7322 0.0394, -1.0037 0.6707 0.0394, -1.0037 0.6621 0.0394, -0.9614 0.6621 0.0394, -0.9614 0.7408 0.0394, -0.972 0.6976 0.0394, -0.972 0.6707 0.0394, -0.9998 0.6976 0.0394, -0.9998 0.7062 0.0394, -0.972 0.7062 0.0394, -0.972 0.7322 0.0394, -1.0785 0.6836 0.0394, -1.074 0.6766 0.0394, -1.0675 0.6704 0.0394, -1.0593 0.6656 0.0394, -1.0413 0.7408 0.0394, -1.0853 0.7413 0.0394, -1.0526 0.7396 0.0394, -1.0619 0.7364 0.0394, -1.0704 0.7306 0.0394, -1.0705 0.7305 0.0394, -1.0761 0.7244 0.0394, -1.0797 0.7176 0.0394, -1.0502 0.6629 0.0394, -1.0405 0.6621 0.0394, -1.019 0.6621 0.0394, -1.019 0.7408 0.0394, -1.0818 0.7098 0.0394, -1.0824 0.7024 0.0394, -1.0813 0.6919 0.0394, -1.1398 0.6842 0.0394, -1.1072 0.6842 0.0394, -1.1477 0.6621 0.0394, -1.0997 0.6621 0.0394, -1.0882 0.6621 0.0394, -1.1285 0.7408 0.0394, -1.1592 0.6621 0.0394, -1.4708 0.7413 0.0394, -1.315 0.7413 0.0394, -1.118 0.7408 0.0394, 1.4708 0.8015 0.0394, -1.4708 0.8015 0.0394, -1.315 0.8015 0.0394, -1.0853 0.8015 0.0394, -1.0114 0.8015 0.0394, -1.4964 0.8661 0.2559, -1.4567 0.8661 0.2559, -1.4567 0.8606 0.2165, -1.4708 0.8405 0.0733, -1.3583 0.8606 0.2165, 1.4708 0.8405 0.0733, -1.1024 0.8606 0.2165, -1.1024 0.8661 0.2559, -0.9449 0.8661 0.2559, -0.9449 0.8606 0.2165, -0.8465 0.8606 0.2165, -1.2008 0.8606 0.2165, -1.2008 0.8661 0.2559, -1.3583 0.8661 0.2559, -0.5906 0.8606 0.2165, -0.5906 0.8661 0.2559, -0.4331 0.8661 0.2559, -0.4331 0.8606 0.2165, -0.3346 0.8606 0.2165, -0.689 0.8606 0.2165, -0.689 0.8661 0.2559, -0.8465 0.8661 0.2559, -0.0787 0.8606 0.2165, -0.0787 0.8661 0.2559, 0.0787 0.8661 0.2559, 0.0787 0.8606 0.2165, 0.1772 0.8606 0.2165, -0.1772 0.8606 0.2165, -0.1772 0.8661 0.2559, -0.3346 0.8661 0.2559, 0.4331 0.8606 0.2165, 0.4331 0.8661 0.2559, 0.5906 0.8661 0.2559, 0.5906 0.8606 0.2165, 0.689 0.8606 0.2165, 0.3346 0.8606 0.2165, 0.3346 0.8661 0.2559, 0.1772 0.8661 0.2559, 0.9449 0.8606 0.2165, 0.9449 0.8661 0.2559, 1.1024 0.8661 0.2559, 1.1024 0.8606 0.2165, 1.2008 0.8606 0.2165, 0.8465 0.8606 0.2165, 0.8465 0.8661 0.2559, 0.689 0.8661 0.2559, 1.4567 0.8661 0.2559, 1.4964 0.8661 0.2559, 1.4567 0.8606 0.2165, 1.3583 0.8606 0.2165, 1.3583 0.8661 0.2559, 1.2008 0.8661 0.2559, 1.4567 0.8634 0.2756, 1.4708 0.8405 0.4385, 1.3583 0.8634 0.2756, -1.4708 0.8405 0.4385, 1.1024 0.8634 0.2756, 0.9449 0.8634 0.2756, 0.8465 0.8634 0.2756, 1.2008 0.8634 0.2756, 0.5906 0.8634 0.2756, 0.4331 0.8634 0.2756, 0.3346 0.8634 0.2756, 0.689 0.8634 0.2756, 0.0787 0.8634 0.2756, -0.0787 0.8634 0.2756, -0.1772 0.8634 0.2756, 0.1772 0.8634 0.2756, -0.4331 0.8634 0.2756, -0.5906 0.8634 0.2756, -0.689 0.8634 0.2756, -0.3346 0.8634 0.2756, -0.9449 0.8634 0.2756, -1.1024 0.8634 0.2756, -1.2008 0.8634 0.2756, -0.8465 0.8634 0.2756, -1.4567 0.8634 0.2756, -1.3583 0.8634 0.2756, 1.4964 -0.8661 0.2559, 1.4567 -0.8661 0.2559, 1.4567 -0.8606 0.2165, 1.4708 -0.8405 0.0733, 1.3583 -0.8606 0.2165, -1.4708 -0.8405 0.0733, 1.1024 -0.8606 0.2165, 1.1024 -0.8661 0.2559, 0.9449 -0.8661 0.2559, 0.9449 -0.8606 0.2165, 0.8465 -0.8606 0.2165, 1.2008 -0.8606 0.2165, 1.2008 -0.8661 0.2559, 1.3583 -0.8661 0.2559, 0.5906 -0.8606 0.2165, 0.5906 -0.8661 0.2559, 0.4331 -0.8661 0.2559, 0.4331 -0.8606 0.2165, 0.3346 -0.8606 0.2165, 0.689 -0.8606 0.2165, 0.689 -0.8661 0.2559, 0.8465 -0.8661 0.2559, 0.0787 -0.8606 0.2165, 0.0787 -0.8661 0.2559, -0.0787 -0.8661 0.2559, -0.0787 -0.8606 0.2165, -0.1772 -0.8606 0.2165, 0.1772 -0.8606 0.2165, 0.1772 -0.8661 0.2559, 0.3346 -0.8661 0.2559, -0.4331 -0.8606 0.2165, -0.4331 -0.8661 0.2559, -0.5906 -0.8661 0.2559, -0.5906 -0.8606 0.2165, -0.689 -0.8606 0.2165, -0.3346 -0.8606 0.2165, -0.3346 -0.8661 0.2559, -0.1772 -0.8661 0.2559, -0.9449 -0.8606 0.2165, -0.9449 -0.8661 0.2559, -1.1024 -0.8661 0.2559, -1.1024 -0.8606 0.2165, -1.2008 -0.8606 0.2165, -0.8465 -0.8606 0.2165, -0.8465 -0.8661 0.2559, -0.689 -0.8661 0.2559, -1.4567 -0.8661 0.2559, -1.4964 -0.8661 0.2559, -1.4567 -0.8606 0.2165, -1.3583 -0.8606 0.2165, -1.3583 -0.8661 0.2559, -1.2008 -0.8661 0.2559, -1.4567 -0.8634 0.2756, -1.4708 -0.8405 0.4385, -1.3583 -0.8634 0.2756, 1.4708 -0.8405 0.4385, -1.1024 -0.8634 0.2756, -0.9449 -0.8634 0.2756, -0.8465 -0.8634 0.2756, -1.2008 -0.8634 0.2756, -0.5906 -0.8634 0.2756, -0.4331 -0.8634 0.2756, -0.3346 -0.8634 0.2756, -0.689 -0.8634 0.2756, -0.0787 -0.8634 0.2756, 0.0787 -0.8634 0.2756, 0.1772 -0.8634 0.2756, -0.1772 -0.8634 0.2756, 0.4331 -0.8634 0.2756, 0.5906 -0.8634 0.2756, 0.689 -0.8634 0.2756, 0.3346 -0.8634 0.2756, 0.9449 -0.8634 0.2756, 1.1024 -0.8634 0.2756, 1.2008 -0.8634 0.2756, 0.8465 -0.8634 0.2756, 1.4567 -0.8634 0.2756, 1.3583 -0.8634 0.2756, 1.5098 -0.8015 0.0733, 1.5098 0.8015 0.0733, 1.5354 -0.8272 0.2559, 1.5354 0.8272 0.2559, -1.5354 -0.8272 0.2559, -1.5354 0.8272 0.2559, -1.5098 -0.8015 0.0733, -1.5098 0.8015 0.0733, 1.5098 -0.8015 0.4385, 1.5098 0.8015 0.4385, -1.5098 -0.8015 0.4385, -1.5098 0.8015 0.4385, -1.2316 -0.6658 0.4724, -1.2423 -0.6797 0.4724, 1.4708 -0.8015 0.4724, -1.2249 -0.6496 0.4724, -1.3073 -0.6972 0.4724, -1.3236 -0.6904 0.4724, -1.4708 -0.8015 0.4724, -1.2563 -0.6904 0.4724, -1.2725 -0.6972 0.4724, -1.2899 -0.6994 0.4724, -1.3375 -0.6797 0.4724, -1.3482 -0.6658 0.4724, -1.3549 -0.6496 0.4724, -1.3375 -0.5846 0.4724, -1.3236 -0.5739 0.4724, -1.4708 0.8015 0.4724, -1.3073 -0.5671 0.4724, -1.3572 -0.6322 0.4724, -1.3549 -0.6147 0.4724, -1.3482 -0.5985 0.4724, -1.2899 -0.5649 0.4724, -1.2725 -0.5671 0.4724, 1.4708 0.8015 0.4724, -1.2563 -0.5739 0.4724, -1.2423 -0.5846 0.4724, -1.2316 -0.5985 0.4724, -1.2249 -0.6147 0.4724, -1.2226 -0.6322 0.4724
            ]
        }
        coordIndex [
            0,1,2,-1,3,0,4,-1,5,6,7,-1,7,8,5,-1,5,8,9,-1,5,9,10,-1,10,9,11,-1,10,11,12,-1,8,13,9,-1,9,13,14,-1,9,14,15,-1,16,17,18,-1,18,17,19,-1,20,21,22,-1,22,21,18,-1,22,18,3,-1,3,18,19,-1,23,24,25,-1,19,23,3,-1,3,23,25,-1,3,25,26,-1,26,25,27,-1,26,27,28,-1,28,27,29,-1,28,29,30,-1,30,29,31,-1,30,31,11,-1,11,31,32,-1,11,32,12,-1,33,34,35,-1,35,34,36,-1,35,36,37,-1,37,36,38,-1,37,38,22,-1,22,38,39,-1,22,39,20,-1,40,41,42,-1,42,41,43,-1,42,43,44,-1,40,45,46,-1,46,47,40,-1,40,47,48,-1,40,48,41,-1,41,48,49,-1,41,49,50,-1,50,49,51,-1,50,51,52,-1,52,53,50,-1,50,53,54,-1,50,54,55,-1,56,57,50,-1,50,57,58,-1,59,60,61,-1,61,60,62,-1,58,63,50,-1,50,63,62,-1,50,62,64,-1,64,62,60,-1,55,65,50,-1,50,65,66,-1,50,66,56,-1,67,68,69,-1,69,68,70,-1,71,72,73,-1,74,75,76,-1,76,75,77,-1,76,77,78,-1,72,79,73,-1,73,79,80,-1,73,80,81,-1,78,82,76,-1,76,82,83,-1,76,83,73,-1,73,83,84,-1,73,84,71,-1,85,86,35,-1,35,86,87,-1,35,87,33,-1,33,87,88,-1,33,88,76,-1,76,88,89,-1,76,89,74,-1,22,90,37,-1,37,90,91,-1,37,91,35,-1,35,91,42,-1,35,42,85,-1,85,42,44,-1,0,2,4,-1,4,2,92,-1,4,92,93,-1,73,94,76,-1,76,94,95,-1,76,95,96,-1,97,94,98,-1,98,94,73,-1,98,73,99,-1,99,73,100,-1,99,100,96,-1,96,100,101,-1,96,101,76,-1,76,101,9,-1,76,9,33,-1,33,9,15,-1,33,15,34,-1,102,103,40,-1,102,104,103,-1,103,104,105,-1,103,105,91,-1,91,105,106,-1,91,106,42,-1,42,106,107,-1,42,107,40,-1,40,107,108,-1,40,108,102,-1,109,110,111,-1,111,110,105,-1,111,105,112,-1,112,105,104,-1,112,104,113,-1,113,104,114,-1,115,116,90,-1,90,116,117,-1,90,117,118,-1,119,120,103,-1,119,121,120,-1,120,121,122,-1,120,122,123,-1,123,124,120,-1,120,124,125,-1,120,125,126,-1,118,127,90,-1,90,127,128,-1,90,128,91,-1,91,128,129,-1,91,129,103,-1,103,129,130,-1,103,130,119,-1,126,131,120,-1,120,131,132,-1,120,132,90,-1,90,132,133,-1,90,133,115,-1,134,135,136,-1,136,135,137,-1,136,137,90,-1,90,137,138,-1,90,138,120,-1,139,140,93,-1,3,4,22,-1,22,4,93,-1,22,93,90,-1,90,93,140,-1,90,140,136,-1,92,141,93,-1,93,141,142,-1,93,142,139,-1,139,142,120,-1,139,120,143,-1,143,120,138,-1,81,69,73,-1,73,69,70,-1,73,70,100,-1,100,70,144,-1,141,145,142,-1,142,145,146,-1,142,146,120,-1,120,146,147,-1,120,147,103,-1,103,147,148,-1,103,148,40,-1,40,148,68,-1,40,68,45,-1,45,68,67,-1,149,150,151,-1,149,151,152,-1,152,151,153,-1,152,153,154,-1,155,156,157,-1,158,159,154,-1,157,158,155,-1,155,158,154,-1,155,154,160,-1,160,154,153,-1,160,153,161,-1,161,153,162,-1,163,164,165,-1,166,167,154,-1,165,166,163,-1,163,166,154,-1,163,154,168,-1,168,154,159,-1,168,159,169,-1,169,159,170,-1,171,172,173,-1,174,175,154,-1,173,174,171,-1,171,174,154,-1,171,154,176,-1,176,154,167,-1,176,167,177,-1,177,167,178,-1,179,180,181,-1,182,183,154,-1,181,182,179,-1,179,182,154,-1,179,154,184,-1,184,154,175,-1,184,175,185,-1,185,175,186,-1,187,188,189,-1,190,191,154,-1,189,190,187,-1,187,190,154,-1,187,154,192,-1,192,154,183,-1,192,183,193,-1,193,183,194,-1,195,196,197,-1,197,196,154,-1,197,154,198,-1,198,154,191,-1,198,191,199,-1,199,191,200,-1,196,195,201,-1,196,201,202,-1,202,201,203,-1,202,203,204,-1,205,189,188,-1,206,207,204,-1,188,206,205,-1,205,206,204,-1,205,204,208,-1,208,204,203,-1,208,203,200,-1,200,203,199,-1,209,181,180,-1,210,211,204,-1,180,210,209,-1,209,210,204,-1,209,204,212,-1,212,204,207,-1,212,207,194,-1,194,207,193,-1,213,173,172,-1,214,215,204,-1,172,214,213,-1,213,214,204,-1,213,204,216,-1,216,204,211,-1,216,211,186,-1,186,211,185,-1,217,165,164,-1,218,219,204,-1,164,218,217,-1,217,218,204,-1,217,204,220,-1,220,204,215,-1,220,215,178,-1,178,215,177,-1,221,157,156,-1,222,223,204,-1,156,222,221,-1,221,222,204,-1,221,204,224,-1,224,204,219,-1,224,219,170,-1,170,219,169,-1,150,149,225,-1,225,149,204,-1,225,204,226,-1,226,204,223,-1,226,223,162,-1,162,223,161,-1,227,228,229,-1,227,229,230,-1,230,229,231,-1,230,231,232,-1,233,234,235,-1,236,237,232,-1,235,236,233,-1,233,236,232,-1,233,232,238,-1,238,232,231,-1,238,231,239,-1,239,231,240,-1,241,242,243,-1,244,245,232,-1,243,244,241,-1,241,244,232,-1,241,232,246,-1,246,232,237,-1,246,237,247,-1,247,237,248,-1,249,250,251,-1,252,253,232,-1,251,252,249,-1,249,252,232,-1,249,232,254,-1,254,232,245,-1,254,245,255,-1,255,245,256,-1,257,258,259,-1,260,261,232,-1,259,260,257,-1,257,260,232,-1,257,232,262,-1,262,232,253,-1,262,253,263,-1,263,253,264,-1,265,266,267,-1,268,269,232,-1,267,268,265,-1,265,268,232,-1,265,232,270,-1,270,232,261,-1,270,261,271,-1,271,261,272,-1,273,274,275,-1,275,274,232,-1,275,232,276,-1,276,232,269,-1,276,269,277,-1,277,269,278,-1,274,273,279,-1,274,279,280,-1,280,279,281,-1,280,281,282,-1,283,267,266,-1,284,285,282,-1,266,284,283,-1,283,284,282,-1,283,282,286,-1,286,282,281,-1,286,281,278,-1,278,281,277,-1,287,259,258,-1,288,289,282,-1,258,288,287,-1,287,288,282,-1,287,282,290,-1,290,282,285,-1,290,285,272,-1,272,285,271,-1,291,251,250,-1,292,293,282,-1,250,292,291,-1,291,292,282,-1,291,282,294,-1,294,282,289,-1,294,289,264,-1,264,289,263,-1,295,243,242,-1,296,297,282,-1,242,296,295,-1,295,296,282,-1,295,282,298,-1,298,282,293,-1,298,293,256,-1,256,293,255,-1,299,235,234,-1,300,301,282,-1,234,300,299,-1,299,300,282,-1,299,282,302,-1,302,282,297,-1,302,297,248,-1,248,297,247,-1,228,227,303,-1,303,227,282,-1,303,282,304,-1,304,282,301,-1,304,301,240,-1,240,301,239,-1,305,306,307,-1,307,306,308,-1,309,310,311,-1,311,310,312,-1,307,308,313,-1,313,308,314,-1,315,316,309,-1,309,316,310,-1,317,318,319,-1,317,319,320,-1,321,322,323,-1,318,324,319,-1,319,324,325,-1,319,325,323,-1,323,325,326,-1,323,326,321,-1,322,327,323,-1,323,327,328,-1,323,328,329,-1,330,331,332,-1,332,331,333,-1,329,334,323,-1,323,334,335,-1,323,335,332,-1,332,335,336,-1,332,336,330,-1,333,337,332,-1,332,337,338,-1,332,338,339,-1,339,338,340,-1,339,340,341,-1,341,342,339,-1,339,342,343,-1,339,343,319,-1,319,343,344,-1,319,344,320,-1,
        ]
    }
}
Shape{
    appearance Appearance {
        material  Material {
            diffuseColor 0.0 0.0 0.0
            specularColor 0.0 0.0 0.0
            ambientIntensity 0.0
            transparency 0.0
            shininess 0.5
        }
    }
    geometry IndexedFaceSet {
        ccw TRUE
        solid FALSE
        coord DEF co Coordinate {
            point [
                -1.2226 -0.6322 0.472, -1.2226 -0.6322 0.4724, -1.2249 -0.6147 0.472, -1.2249 -0.6147 0.4724, -1.2316 -0.5985 0.472, -1.2316 -0.5985 0.4724, -1.2423 -0.5846 0.472, -1.2423 -0.5846 0.4724, -1.2563 -0.5739 0.472, -1.2563 -0.5739 0.4724, -1.2725 -0.5671 0.472, -1.2725 -0.5671 0.4724, -1.2899 -0.5649 0.472, -1.2899 -0.5649 0.4724, -1.3073 -0.5671 0.472, -1.3073 -0.5671 0.4724, -1.3236 -0.5739 0.472, -1.3236 -0.5739 0.4724, -1.3375 -0.5846 0.472, -1.3375 -0.5846 0.4724, -1.3482 -0.5985 0.472, -1.3482 -0.5985 0.4724, -1.3549 -0.6147 0.472, -1.3549 -0.6147 0.4724, -1.3572 -0.6322 0.472, -1.3572 -0.6322 0.4724, -1.3549 -0.6496 0.472, -1.3549 -0.6496 0.4724, -1.3482 -0.6658 0.472, -1.3482 -0.6658 0.4724, -1.3375 -0.6797 0.472, -1.3375 -0.6797 0.4724, -1.3236 -0.6904 0.472, -1.3236 -0.6904 0.4724, -1.3073 -0.6972 0.472, -1.3073 -0.6972 0.4724, -1.2899 -0.6994 0.472, -1.2899 -0.6994 0.4724, -1.2725 -0.6972 0.472, -1.2725 -0.6972 0.4724, -1.2563 -0.6904 0.472, -1.2563 -0.6904 0.4724, -1.2423 -0.6797 0.472, -1.2423 -0.6797 0.4724, -1.2316 -0.6658 0.472, -1.2316 -0.6658 0.4724, -1.2249 -0.6496 0.472, -1.2249 -0.6496 0.4724, -1.2899 -0.6322 0.472
            ]
        }
        coordIndex [
            0,1,2,-1,2,1,3,-1,2,3,4,-1,4,3,5,-1,4,5,6,-1,6,5,7,-1,6,7,8,-1,8,7,9,-1,8,9,10,-1,10,9,11,-1,10,11,12,-1,12,11,13,-1,12,13,14,-1,14,13,15,-1,14,15,16,-1,16,15,17,-1,16,17,18,-1,18,17,19,-1,18,19,20,-1,20,19,21,-1,20,21,22,-1,22,21,23,-1,22,23,24,-1,24,23,25,-1,24,25,26,-1,26,25,27,-1,26,27,28,-1,28,27,29,-1,28,29,30,-1,30,29,31,-1,30,31,32,-1,32,31,33,-1,32,33,34,-1,34,33,35,-1,34,35,36,-1,36,35,37,-1,36,37,38,-1,38,37,39,-1,38,39,40,-1,40,39,41,-1,40,41,42,-1,42,41,43,-1,42,43,44,-1,44,43,45,-1,44,45,46,-1,46,45,47,-1,46,47,0,-1,0,47,1,-1,44,46,48,-1,48,46,0,-1,48,0,2,-1,38,40,48,-1,48,40,42,-1,48,42,44,-1,32,34,48,-1,48,34,36,-1,48,36,38,-1,26,28,48,-1,48,28,30,-1,48,30,32,-1,20,22,48,-1,48,22,24,-1,48,24,26,-1,14,16,48,-1,48,16,18,-1,48,18,20,-1,8,10,48,-1,48,10,12,-1,48,12,14,-1,2,4,48,-1,48,4,6,-1,48,6,8,-1,
        ]
    }
}
Shape{
    appearance Appearance {
        material  Material {
            diffuseColor 1.0 1.0 1.0
            specularColor 0.5019607843137255 0.5019607843137255 0.5019607843137255
            ambientIntensity 1.0
            transparency 0.0
            shininess 0.5
        }
    }
    geometry IndexedFaceSet {
        ccw TRUE
        solid FALSE
        coord DEF co Coordinate {
            point [
                1.3583 -0.8634 0.2756, 1.3583 -0.9722 0.2756, 1.4567 -0.8634 0.2756, 1.4567 -0.9722 0.2756, 1.4567 -1.2598 0.0591, 1.4567 -1.1062 0.0591, 1.3583 -1.2598 0.0591, 1.3583 -1.1062 0.0591, 1.4567 -1.2598 0.0, 1.3583 -1.2598 0.0, 1.4567 -1.1062 0.0, 1.3583 -1.1062 0.0, 1.3583 -1.0835 0.0027, 1.4567 -1.0835 0.0027, 1.3583 -1.062 0.0105, 1.4567 -1.062 0.0105, 1.3583 -1.0429 0.023, 1.4567 -1.0429 0.023, 1.3583 -1.0273 0.0396, 1.4567 -1.0273 0.0396, 1.3583 -1.0158 0.0594, 1.4567 -1.0158 0.0594, 1.3583 -1.0093 0.0813, 1.4567 -1.0093 0.0813, 1.4567 -0.9877 0.2035, 1.3583 -0.9877 0.2035, 1.4567 -0.9867 0.207, 1.3583 -0.9867 0.207, 1.4567 -0.9849 0.2102, 1.3583 -0.9849 0.2102, 1.4567 -0.9823 0.2129, 1.3583 -0.9823 0.2129, 1.4567 -0.9793 0.2149, 1.3583 -0.9793 0.2149, 1.4567 -0.9759 0.2161, 1.3583 -0.9759 0.2161, 1.4567 -0.9722 0.2165, 1.3583 -0.9722 0.2165, 1.4567 -0.8606 0.2165, 1.3583 -0.8606 0.2165, 1.3583 -0.9895 0.2736, 1.4567 -0.9895 0.2736, 1.3583 -1.0058 0.2676, 1.4567 -1.0058 0.2676, 1.3583 -1.0203 0.2581, 1.4567 -1.0203 0.2581, 1.3583 -1.0322 0.2455, 1.4567 -1.0322 0.2455, 1.3583 -1.0409 0.2304, 1.4567 -1.0409 0.2304, 1.3583 -1.0459 0.2138, 1.4567 -1.0459 0.2138, 1.4567 -1.0674 0.0916, 1.3583 -1.0674 0.0916, 1.4567 -1.0701 0.0828, 1.3583 -1.0701 0.0828, 1.4567 -1.0746 0.0749, 1.3583 -1.0746 0.0749, 1.4567 -1.0809 0.0683, 1.3583 -1.0809 0.0683, 1.4567 -1.0885 0.0632, 1.3583 -1.0885 0.0632, 1.4567 -1.0971 0.0601, 1.3583 -1.0971 0.0601, 1.4567 -0.8661 0.2559, 1.3583 -0.8661 0.2559, 1.2008 -1.2598 0.0591, 1.2008 -1.1062 0.0591, 1.1024 -1.2598 0.0591, 1.1024 -1.1062 0.0591, 1.2008 -1.2598 0.0, 1.1024 -1.2598 0.0, 1.2008 -1.1062 0.0, 1.1024 -1.1062 0.0, 1.1024 -1.0835 0.0027, 1.2008 -1.0835 0.0027, 1.1024 -1.062 0.0105, 1.2008 -1.062 0.0105, 1.1024 -1.0429 0.023, 1.2008 -1.0429 0.023, 1.1024 -1.0273 0.0396, 1.2008 -1.0273 0.0396, 1.1024 -1.0158 0.0594, 1.2008 -1.0158 0.0594, 1.1024 -1.0093 0.0813, 1.2008 -1.0093 0.0813, 1.2008 -0.9877 0.2035, 1.1024 -0.9877 0.2035, 1.2008 -0.9867 0.207, 1.1024 -0.9867 0.207, 1.2008 -0.9849 0.2102, 1.1024 -0.9849 0.2102, 1.2008 -0.9823 0.2129, 1.1024 -0.9823 0.2129, 1.2008 -0.9793 0.2149, 1.1024 -0.9793 0.2149, 1.2008 -0.9759 0.2161, 1.1024 -0.9759 0.2161, 1.2008 -0.9722 0.2165, 1.1024 -0.9722 0.2165, 1.2008 -0.8606 0.2165, 1.1024 -0.8606 0.2165, 1.1024 -0.8634 0.2756, 1.1024 -0.9722 0.2756, 1.2008 -0.8634 0.2756, 1.2008 -0.9722 0.2756, 1.1024 -0.9895 0.2736, 1.2008 -0.9895 0.2736, 1.1024 -1.0058 0.2676, 1.2008 -1.0058 0.2676, 1.1024 -1.0203 0.2581, 1.2008 -1.0203 0.2581, 1.1024 -1.0322 0.2455, 1.2008 -1.0322 0.2455, 1.1024 -1.0409 0.2304, 1.2008 -1.0409 0.2304, 1.1024 -1.0459 0.2138, 1.2008 -1.0459 0.2138, 1.2008 -1.0674 0.0916, 1.1024 -1.0674 0.0916, 1.2008 -0.8661 0.2559, 1.2008 -1.0971 0.0601, 1.2008 -1.0885 0.0632, 1.2008 -1.0809 0.0683, 1.2008 -1.0746 0.0749, 1.2008 -1.0701 0.0828, 1.1024 -1.0701 0.0828, 1.1024 -1.0746 0.0749, 1.1024 -1.0809 0.0683, 1.1024 -1.0885 0.0632, 1.1024 -1.0971 0.0601, 1.1024 -0.8661 0.2559, 0.9449 -1.2598 0.0591, 0.9449 -1.1062 0.0591, 0.8465 -1.2598 0.0591, 0.8465 -1.1062 0.0591, 0.9449 -1.2598 0.0, 0.8465 -1.2598 0.0, 0.9449 -1.1062 0.0, 0.8465 -1.1062 0.0, 0.8465 -1.0835 0.0027, 0.9449 -1.0835 0.0027, 0.8465 -1.062 0.0105, 0.9449 -1.062 0.0105, 0.8465 -1.0429 0.023, 0.9449 -1.0429 0.023, 0.8465 -1.0273 0.0396, 0.9449 -1.0273 0.0396, 0.8465 -1.0158 0.0594, 0.9449 -1.0158 0.0594, 0.8465 -1.0093 0.0813, 0.9449 -1.0093 0.0813, 0.9449 -0.9877 0.2035, 0.8465 -0.9877 0.2035, 0.9449 -0.9867 0.207, 0.8465 -0.9867 0.207, 0.9449 -0.9849 0.2102, 0.8465 -0.9849 0.2102, 0.9449 -0.9823 0.2129, 0.8465 -0.9823 0.2129, 0.9449 -0.9793 0.2149, 0.8465 -0.9793 0.2149, 0.9449 -0.9759 0.2161, 0.8465 -0.9759 0.2161, 0.9449 -0.9722 0.2165, 0.8465 -0.9722 0.2165, 0.9449 -0.8606 0.2165, 0.8465 -0.8606 0.2165, 0.8465 -0.8634 0.2756, 0.8465 -0.9722 0.2756, 0.9449 -0.8634 0.2756, 0.9449 -0.9722 0.2756, 0.8465 -0.9895 0.2736, 0.9449 -0.9895 0.2736, 0.8465 -1.0058 0.2676, 0.9449 -1.0058 0.2676, 0.8465 -1.0203 0.2581, 0.9449 -1.0203 0.2581, 0.8465 -1.0322 0.2455, 0.9449 -1.0322 0.2455, 0.8465 -1.0409 0.2304, 0.9449 -1.0409 0.2304, 0.8465 -1.0459 0.2138, 0.9449 -1.0459 0.2138, 0.9449 -1.0674 0.0916, 0.8465 -1.0674 0.0916, 0.9449 -0.8661 0.2559, 0.9449 -1.0971 0.0601, 0.9449 -1.0885 0.0632, 0.9449 -1.0809 0.0683, 0.9449 -1.0746 0.0749, 0.9449 -1.0701 0.0828, 0.8465 -1.0701 0.0828, 0.8465 -1.0746 0.0749, 0.8465 -1.0809 0.0683, 0.8465 -1.0885 0.0632, 0.8465 -1.0971 0.0601, 0.8465 -0.8661 0.2559, 0.689 -1.2598 0.0591, 0.689 -1.1062 0.0591, 0.5906 -1.2598 0.0591, 0.5906 -1.1062 0.0591, 0.689 -1.2598 0.0, 0.5906 -1.2598 0.0, 0.689 -1.1062 0.0, 0.5906 -1.1062 0.0, 0.5906 -1.0835 0.0027, 0.689 -1.0835 0.0027, 0.5906 -1.062 0.0105, 0.689 -1.062 0.0105, 0.5906 -1.0429 0.023, 0.689 -1.0429 0.023, 0.5906 -1.0273 0.0396, 0.689 -1.0273 0.0396, 0.5906 -1.0158 0.0594, 0.689 -1.0158 0.0594, 0.5906 -1.0093 0.0813, 0.689 -1.0093 0.0813, 0.689 -0.9877 0.2035, 0.5906 -0.9877 0.2035, 0.689 -0.9867 0.207, 0.5906 -0.9867 0.207, 0.689 -0.9849 0.2102, 0.5906 -0.9849 0.2102, 0.689 -0.9823 0.2129, 0.5906 -0.9823 0.2129, 0.689 -0.9793 0.2149, 0.5906 -0.9793 0.2149, 0.689 -0.9759 0.2161, 0.5906 -0.9759 0.2161, 0.689 -0.9722 0.2165, 0.5906 -0.9722 0.2165, 0.689 -0.8606 0.2165, 0.5906 -0.8606 0.2165, 0.5906 -0.8634 0.2756, 0.5906 -0.9722 0.2756, 0.689 -0.8634 0.2756, 0.689 -0.9722 0.2756, 0.5906 -0.9895 0.2736, 0.689 -0.9895 0.2736, 0.5906 -1.0058 0.2676, 0.689 -1.0058 0.2676, 0.5906 -1.0203 0.2581, 0.689 -1.0203 0.2581, 0.5906 -1.0322 0.2455, 0.689 -1.0322 0.2455, 0.5906 -1.0409 0.2304, 0.689 -1.0409 0.2304, 0.5906 -1.0459 0.2138, 0.689 -1.0459 0.2138, 0.689 -1.0674 0.0916, 0.5906 -1.0674 0.0916, 0.689 -0.8661 0.2559, 0.689 -1.0971 0.0601, 0.689 -1.0885 0.0632, 0.689 -1.0809 0.0683, 0.689 -1.0746 0.0749, 0.689 -1.0701 0.0828, 0.5906 -1.0701 0.0828, 0.5906 -1.0746 0.0749, 0.5906 -1.0809 0.0683, 0.5906 -1.0885 0.0632, 0.5906 -1.0971 0.0601, 0.5906 -0.8661 0.2559, 0.4331 -1.2598 0.0591, 0.4331 -1.1062 0.0591, 0.3346 -1.2598 0.0591, 0.3346 -1.1062 0.0591, 0.4331 -1.2598 0.0, 0.3346 -1.2598 0.0, 0.4331 -1.1062 0.0, 0.3346 -1.1062 0.0, 0.3346 -1.0835 0.0027, 0.4331 -1.0835 0.0027, 0.3346 -1.062 0.0105, 0.4331 -1.062 0.0105, 0.3346 -1.0429 0.023, 0.4331 -1.0429 0.023, 0.3346 -1.0273 0.0396, 0.4331 -1.0273 0.0396, 0.3346 -1.0158 0.0594, 0.4331 -1.0158 0.0594, 0.3346 -1.0093 0.0813, 0.4331 -1.0093 0.0813, 0.4331 -0.9877 0.2035, 0.3346 -0.9877 0.2035, 0.4331 -0.9867 0.207, 0.3346 -0.9867 0.207, 0.4331 -0.9849 0.2102, 0.3346 -0.9849 0.2102, 0.4331 -0.9823 0.2129, 0.3346 -0.9823 0.2129, 0.4331 -0.9793 0.2149, 0.3346 -0.9793 0.2149, 0.4331 -0.9759 0.2161, 0.3346 -0.9759 0.2161, 0.4331 -0.9722 0.2165, 0.3346 -0.9722 0.2165, 0.4331 -0.8606 0.2165, 0.3346 -0.8606 0.2165, 0.3346 -0.8634 0.2756, 0.3346 -0.9722 0.2756, 0.4331 -0.8634 0.2756, 0.4331 -0.9722 0.2756, 0.3346 -0.9895 0.2736, 0.4331 -0.9895 0.2736, 0.3346 -1.0058 0.2676, 0.4331 -1.0058 0.2676, 0.3346 -1.0203 0.2581, 0.4331 -1.0203 0.2581, 0.3346 -1.0322 0.2455, 0.4331 -1.0322 0.2455, 0.3346 -1.0409 0.2304, 0.4331 -1.0409 0.2304, 0.3346 -1.0459 0.2138, 0.4331 -1.0459 0.2138, 0.4331 -1.0674 0.0916, 0.3346 -1.0674 0.0916, 0.4331 -0.8661 0.2559, 0.4331 -1.0971 0.0601, 0.4331 -1.0885 0.0632, 0.4331 -1.0809 0.0683, 0.4331 -1.0746 0.0749, 0.4331 -1.0701 0.0828, 0.3346 -1.0701 0.0828, 0.3346 -1.0746 0.0749, 0.3346 -1.0809 0.0683, 0.3346 -1.0885 0.0632, 0.3346 -1.0971 0.0601, 0.3346 -0.8661 0.2559, 0.1772 -1.2598 0.0591, 0.1772 -1.1062 0.0591, 0.0787 -1.2598 0.0591, 0.0787 -1.1062 0.0591, 0.1772 -1.2598 0.0, 0.0787 -1.2598 0.0, 0.1772 -1.1062 0.0, 0.0787 -1.1062 0.0, 0.0787 -1.0835 0.0027, 0.1772 -1.0835 0.0027, 0.0787 -1.062 0.0105, 0.1772 -1.062 0.0105, 0.0787 -1.0429 0.023, 0.1772 -1.0429 0.023, 0.0787 -1.0273 0.0396, 0.1772 -1.0273 0.0396, 0.0787 -1.0158 0.0594, 0.1772 -1.0158 0.0594, 0.0787 -1.0093 0.0813, 0.1772 -1.0093 0.0813, 0.1772 -0.9877 0.2035, 0.0787 -0.9877 0.2035, 0.1772 -0.9867 0.207, 0.0787 -0.9867 0.207, 0.1772 -0.9849 0.2102, 0.0787 -0.9849 0.2102, 0.1772 -0.9823 0.2129, 0.0787 -0.9823 0.2129, 0.1772 -0.9793 0.2149, 0.0787 -0.9793 0.2149, 0.1772 -0.9759 0.2161, 0.0787 -0.9759 0.2161, 0.1772 -0.9722 0.2165, 0.0787 -0.9722 0.2165, 0.1772 -0.8606 0.2165, 0.0787 -0.8606 0.2165, 0.0787 -0.8634 0.2756, 0.0787 -0.9722 0.2756, 0.1772 -0.8634 0.2756, 0.1772 -0.9722 0.2756, 0.0787 -0.9895 0.2736, 0.1772 -0.9895 0.2736, 0.0787 -1.0058 0.2676, 0.1772 -1.0058 0.2676, 0.0787 -1.0203 0.2581, 0.1772 -1.0203 0.2581, 0.0787 -1.0322 0.2455, 0.1772 -1.0322 0.2455, 0.0787 -1.0409 0.2304, 0.1772 -1.0409 0.2304, 0.0787 -1.0459 0.2138, 0.1772 -1.0459 0.2138, 0.1772 -1.0674 0.0916, 0.0787 -1.0674 0.0916, 0.1772 -0.8661 0.2559, 0.1772 -1.0971 0.0601, 0.1772 -1.0885 0.0632, 0.1772 -1.0809 0.0683, 0.1772 -1.0746 0.0749, 0.1772 -1.0701 0.0828, 0.0787 -1.0701 0.0828, 0.0787 -1.0746 0.0749, 0.0787 -1.0809 0.0683, 0.0787 -1.0885 0.0632, 0.0787 -1.0971 0.0601, 0.0787 -0.8661 0.2559, -0.0787 -1.2598 0.0591, -0.0787 -1.1062 0.0591, -0.1772 -1.2598 0.0591, -0.1772 -1.1062 0.0591, -0.0787 -1.2598 0.0, -0.1772 -1.2598 0.0, -0.0787 -1.1062 0.0, -0.1772 -1.1062 0.0, -0.1772 -1.0835 0.0027, -0.0787 -1.0835 0.0027, -0.1772 -1.062 0.0105, -0.0787 -1.062 0.0105, -0.1772 -1.0429 0.023, -0.0787 -1.0429 0.023, -0.1772 -1.0273 0.0396, -0.0787 -1.0273 0.0396, -0.1772 -1.0158 0.0594, -0.0787 -1.0158 0.0594, -0.1772 -1.0093 0.0813, -0.0787 -1.0093 0.0813, -0.0787 -0.9877 0.2035, -0.1772 -0.9877 0.2035, -0.0787 -0.9867 0.207, -0.1772 -0.9867 0.207, -0.0787 -0.9849 0.2102, -0.1772 -0.9849 0.2102, -0.0787 -0.9823 0.2129, -0.1772 -0.9823 0.2129, -0.0787 -0.9793 0.2149, -0.1772 -0.9793 0.2149, -0.0787 -0.9759 0.2161, -0.1772 -0.9759 0.2161, -0.0787 -0.9722 0.2165, -0.1772 -0.9722 0.2165, -0.0787 -0.8606 0.2165, -0.1772 -0.8606 0.2165, -0.1772 -0.8634 0.2756, -0.1772 -0.9722 0.2756, -0.0787 -0.8634 0.2756, -0.0787 -0.9722 0.2756, -0.1772 -0.9895 0.2736, -0.0787 -0.9895 0.2736, -0.1772 -1.0058 0.2676, -0.0787 -1.0058 0.2676, -0.1772 -1.0203 0.2581, -0.0787 -1.0203 0.2581, -0.1772 -1.0322 0.2455, -0.0787 -1.0322 0.2455, -0.1772 -1.0409 0.2304, -0.0787 -1.0409 0.2304, -0.1772 -1.0459 0.2138, -0.0787 -1.0459 0.2138, -0.0787 -1.0674 0.0916, -0.1772 -1.0674 0.0916, -0.0787 -0.8661 0.2559, -0.0787 -1.0971 0.0601, -0.0787 -1.0885 0.0632, -0.0787 -1.0809 0.0683, -0.0787 -1.0746 0.0749, -0.0787 -1.0701 0.0828, -0.1772 -1.0701 0.0828, -0.1772 -1.0746 0.0749, -0.1772 -1.0809 0.0683, -0.1772 -1.0885 0.0632, -0.1772 -1.0971 0.0601, -0.1772 -0.8661 0.2559, -0.3346 -1.2598 0.0591, -0.3346 -1.1062 0.0591, -0.4331 -1.2598 0.0591, -0.4331 -1.1062 0.0591, -0.3346 -1.2598 0.0, -0.4331 -1.2598 0.0, -0.3346 -1.1062 0.0, -0.4331 -1.1062 0.0, -0.4331 -1.0835 0.0027, -0.3346 -1.0835 0.0027, -0.4331 -1.062 0.0105, -0.3346 -1.062 0.0105, -0.4331 -1.0429 0.023, -0.3346 -1.0429 0.023, -0.4331 -1.0273 0.0396, -0.3346 -1.0273 0.0396, -0.4331 -1.0158 0.0594, -0.3346 -1.0158 0.0594, -0.4331 -1.0093 0.0813, -0.3346 -1.0093 0.0813, -0.3346 -0.9877 0.2035, -0.4331 -0.9877 0.2035, -0.3346 -0.9867 0.207, -0.4331 -0.9867 0.207, -0.3346 -0.9849 0.2102, -0.4331 -0.9849 0.2102, -0.3346 -0.9823 0.2129, -0.4331 -0.9823 0.2129, -0.3346 -0.9793 0.2149, -0.4331 -0.9793 0.2149, -0.3346 -0.9759 0.2161, -0.4331 -0.9759 0.2161, -0.3346 -0.9722 0.2165, -0.4331 -0.9722 0.2165, -0.3346 -0.8606 0.2165, -0.4331 -0.8606 0.2165, -0.4331 -0.8634 0.2756, -0.4331 -0.9722 0.2756, -0.3346 -0.8634 0.2756, -0.3346 -0.9722 0.2756, -0.4331 -0.9895 0.2736, -0.3346 -0.9895 0.2736, -0.4331 -1.0058 0.2676, -0.3346 -1.0058 0.2676, -0.4331 -1.0203 0.2581, -0.3346 -1.0203 0.2581, -0.4331 -1.0322 0.2455, -0.3346 -1.0322 0.2455, -0.4331 -1.0409 0.2304, -0.3346 -1.0409 0.2304, -0.4331 -1.0459 0.2138, -0.3346 -1.0459 0.2138, -0.3346 -1.0674 0.0916, -0.4331 -1.0674 0.0916, -0.3346 -0.8661 0.2559, -0.3346 -1.0971 0.0601, -0.3346 -1.0885 0.0632, -0.3346 -1.0809 0.0683, -0.3346 -1.0746 0.0749, -0.3346 -1.0701 0.0828, -0.4331 -1.0701 0.0828, -0.4331 -1.0746 0.0749, -0.4331 -1.0809 0.0683, -0.4331 -1.0885 0.0632, -0.4331 -1.0971 0.0601, -0.4331 -0.8661 0.2559, -0.5906 -1.2598 0.0591, -0.5906 -1.1062 0.0591, -0.689 -1.2598 0.0591, -0.689 -1.1062 0.0591, -0.5906 -1.2598 0.0, -0.689 -1.2598 0.0, -0.5906 -1.1062 0.0, -0.689 -1.1062 0.0, -0.689 -1.0835 0.0027, -0.5906 -1.0835 0.0027, -0.689 -1.062 0.0105, -0.5906 -1.062 0.0105, -0.689 -1.0429 0.023, -0.5906 -1.0429 0.023, -0.689 -1.0273 0.0396, -0.5906 -1.0273 0.0396, -0.689 -1.0158 0.0594, -0.5906 -1.0158 0.0594, -0.689 -1.0093 0.0813, -0.5906 -1.0093 0.0813, -0.5906 -0.9877 0.2035, -0.689 -0.9877 0.2035, -0.5906 -0.9867 0.207, -0.689 -0.9867 0.207, -0.5906 -0.9849 0.2102, -0.689 -0.9849 0.2102, -0.5906 -0.9823 0.2129, -0.689 -0.9823 0.2129, -0.5906 -0.9793 0.2149, -0.689 -0.9793 0.2149, -0.5906 -0.9759 0.2161, -0.689 -0.9759 0.2161, -0.5906 -0.9722 0.2165, -0.689 -0.9722 0.2165, -0.5906 -0.8606 0.2165, -0.689 -0.8606 0.2165, -0.689 -0.8634 0.2756, -0.689 -0.9722 0.2756, -0.5906 -0.8634 0.2756, -0.5906 -0.9722 0.2756, -0.689 -0.9895 0.2736, -0.5906 -0.9895 0.2736, -0.689 -1.0058 0.2676, -0.5906 -1.0058 0.2676, -0.689 -1.0203 0.2581, -0.5906 -1.0203 0.2581, -0.689 -1.0322 0.2455, -0.5906 -1.0322 0.2455, -0.689 -1.0409 0.2304, -0.5906 -1.0409 0.2304, -0.689 -1.0459 0.2138, -0.5906 -1.0459 0.2138, -0.5906 -1.0674 0.0916, -0.689 -1.0674 0.0916, -0.5906 -0.8661 0.2559, -0.5906 -1.0971 0.0601, -0.5906 -1.0885 0.0632, -0.5906 -1.0809 0.0683, -0.5906 -1.0746 0.0749, -0.5906 -1.0701 0.0828, -0.689 -1.0701 0.0828, -0.689 -1.0746 0.0749, -0.689 -1.0809 0.0683, -0.689 -1.0885 0.0632, -0.689 -1.0971 0.0601, -0.689 -0.8661 0.2559, -0.8465 -1.2598 0.0591, -0.8465 -1.1062 0.0591, -0.9449 -1.2598 0.0591, -0.9449 -1.1062 0.0591, -0.8465 -1.2598 0.0, -0.9449 -1.2598 0.0, -0.8465 -1.1062 0.0, -0.9449 -1.1062 0.0, -0.9449 -1.0835 0.0027, -0.8465 -1.0835 0.0027, -0.9449 -1.062 0.0105, -0.8465 -1.062 0.0105, -0.9449 -1.0429 0.023, -0.8465 -1.0429 0.023, -0.9449 -1.0273 0.0396, -0.8465 -1.0273 0.0396, -0.9449 -1.0158 0.0594, -0.8465 -1.0158 0.0594, -0.9449 -1.0093 0.0813, -0.8465 -1.0093 0.0813, -0.8465 -0.9877 0.2035, -0.9449 -0.9877 0.2035, -0.8465 -0.9867 0.207, -0.9449 -0.9867 0.207, -0.8465 -0.9849 0.2102, -0.9449 -0.9849 0.2102, -0.8465 -0.9823 0.2129, -0.9449 -0.9823 0.2129, -0.8465 -0.9793 0.2149, -0.9449 -0.9793 0.2149, -0.8465 -0.9759 0.2161, -0.9449 -0.9759 0.2161, -0.8465 -0.9722 0.2165, -0.9449 -0.9722 0.2165, -0.8465 -0.8606 0.2165, -0.9449 -0.8606 0.2165, -0.9449 -0.8634 0.2756, -0.9449 -0.9722 0.2756, -0.8465 -0.8634 0.2756, -0.8465 -0.9722 0.2756, -0.9449 -0.9895 0.2736, -0.8465 -0.9895 0.2736, -0.9449 -1.0058 0.2676, -0.8465 -1.0058 0.2676, -0.9449 -1.0203 0.2581, -0.8465 -1.0203 0.2581, -0.9449 -1.0322 0.2455, -0.8465 -1.0322 0.2455, -0.9449 -1.0409 0.2304, -0.8465 -1.0409 0.2304, -0.9449 -1.0459 0.2138, -0.8465 -1.0459 0.2138, -0.8465 -1.0674 0.0916, -0.9449 -1.0674 0.0916, -0.8465 -0.8661 0.2559, -0.8465 -1.0971 0.0601, -0.8465 -1.0885 0.0632, -0.8465 -1.0809 0.0683, -0.8465 -1.0746 0.0749, -0.8465 -1.0701 0.0828, -0.9449 -1.0701 0.0828, -0.9449 -1.0746 0.0749, -0.9449 -1.0809 0.0683, -0.9449 -1.0885 0.0632, -0.9449 -1.0971 0.0601, -0.9449 -0.8661 0.2559, -1.1024 -1.2598 0.0591, -1.1024 -1.1062 0.0591, -1.2008 -1.2598 0.0591, -1.2008 -1.1062 0.0591, -1.1024 -1.2598 0.0, -1.2008 -1.2598 0.0, -1.1024 -1.1062 0.0, -1.2008 -1.1062 0.0, -1.2008 -1.0835 0.0027, -1.1024 -1.0835 0.0027, -1.2008 -1.062 0.0105, -1.1024 -1.062 0.0105, -1.2008 -1.0429 0.023, -1.1024 -1.0429 0.023, -1.2008 -1.0273 0.0396, -1.1024 -1.0273 0.0396, -1.2008 -1.0158 0.0594, -1.1024 -1.0158 0.0594, -1.2008 -1.0093 0.0813, -1.1024 -1.0093 0.0813, -1.1024 -0.9877 0.2035, -1.2008 -0.9877 0.2035, -1.1024 -0.9867 0.207, -1.2008 -0.9867 0.207, -1.1024 -0.9849 0.2102, -1.2008 -0.9849 0.2102, -1.1024 -0.9823 0.2129, -1.2008 -0.9823 0.2129, -1.1024 -0.9793 0.2149, -1.2008 -0.9793 0.2149, -1.1024 -0.9759 0.2161, -1.2008 -0.9759 0.2161, -1.1024 -0.9722 0.2165, -1.2008 -0.9722 0.2165, -1.1024 -0.8606 0.2165, -1.2008 -0.8606 0.2165, -1.2008 -0.8634 0.2756, -1.2008 -0.9722 0.2756, -1.1024 -0.8634 0.2756, -1.1024 -0.9722 0.2756, -1.2008 -0.9895 0.2736, -1.1024 -0.9895 0.2736, -1.2008 -1.0058 0.2676, -1.1024 -1.0058 0.2676, -1.2008 -1.0203 0.2581, -1.1024 -1.0203 0.2581, -1.2008 -1.0322 0.2455, -1.1024 -1.0322 0.2455, -1.2008 -1.0409 0.2304, -1.1024 -1.0409 0.2304, -1.2008 -1.0459 0.2138, -1.1024 -1.0459 0.2138, -1.1024 -1.0674 0.0916, -1.2008 -1.0674 0.0916, -1.1024 -0.8661 0.2559, -1.1024 -1.0971 0.0601, -1.1024 -1.0885 0.0632, -1.1024 -1.0809 0.0683, -1.1024 -1.0746 0.0749, -1.1024 -1.0701 0.0828, -1.2008 -1.0701 0.0828, -1.2008 -1.0746 0.0749, -1.2008 -1.0809 0.0683, -1.2008 -1.0885 0.0632, -1.2008 -1.0971 0.0601, -1.2008 -0.8661 0.2559, -1.3583 -1.2598 0.0591, -1.3583 -1.1062 0.0591, -1.4567 -1.2598 0.0591, -1.4567 -1.1062 0.0591, -1.3583 -1.2598 0.0, -1.4567 -1.2598 0.0, -1.3583 -1.1062 0.0, -1.4567 -1.1062 0.0, -1.4567 -1.0835 0.0027, -1.3583 -1.0835 0.0027, -1.4567 -1.062 0.0105, -1.3583 -1.062 0.0105, -1.4567 -1.0429 0.023, -1.3583 -1.0429 0.023, -1.4567 -1.0273 0.0396, -1.3583 -1.0273 0.0396, -1.4567 -1.0158 0.0594, -1.3583 -1.0158 0.0594, -1.4567 -1.0093 0.0813, -1.3583 -1.0093 0.0813, -1.3583 -0.9877 0.2035, -1.4567 -0.9877 0.2035, -1.3583 -0.9867 0.207, -1.4567 -0.9867 0.207, -1.3583 -0.9849 0.2102, -1.4567 -0.9849 0.2102, -1.3583 -0.9823 0.2129, -1.4567 -0.9823 0.2129, -1.3583 -0.9793 0.2149, -1.4567 -0.9793 0.2149, -1.3583 -0.9759 0.2161, -1.4567 -0.9759 0.2161, -1.3583 -0.9722 0.2165, -1.4567 -0.9722 0.2165, -1.3583 -0.8606 0.2165, -1.4567 -0.8606 0.2165, -1.4567 -0.8634 0.2756, -1.4567 -0.9722 0.2756, -1.3583 -0.8634 0.2756, -1.3583 -0.9722 0.2756, -1.4567 -0.9895 0.2736, -1.3583 -0.9895 0.2736, -1.4567 -1.0058 0.2676, -1.3583 -1.0058 0.2676, -1.4567 -1.0203 0.2581, -1.3583 -1.0203 0.2581, -1.4567 -1.0322 0.2455, -1.3583 -1.0322 0.2455, -1.4567 -1.0409 0.2304, -1.3583 -1.0409 0.2304, -1.4567 -1.0459 0.2138, -1.3583 -1.0459 0.2138, -1.3583 -1.0674 0.0916, -1.4567 -1.0674 0.0916, -1.3583 -0.8661 0.2559, -1.3583 -1.0971 0.0601, -1.3583 -1.0885 0.0632, -1.3583 -1.0809 0.0683, -1.3583 -1.0746 0.0749, -1.3583 -1.0701 0.0828, -1.4567 -1.0701 0.0828, -1.4567 -1.0746 0.0749, -1.4567 -1.0809 0.0683, -1.4567 -1.0885 0.0632, -1.4567 -1.0971 0.0601, -1.4567 -0.8661 0.2559, 1.4567 1.1062 0.0591, 1.4567 1.2598 0.0591, 1.3583 1.1062 0.0591, 1.3583 1.2598 0.0591, 1.4567 1.2598 0.0, 1.3583 1.2598 0.0, 1.4567 1.1062 0.0, 1.3583 1.1062 0.0, 1.4567 1.0093 0.0813, 1.3583 1.0093 0.0813, 1.3583 1.0158 0.0594, 1.4567 1.0158 0.0594, 1.3583 1.0273 0.0396, 1.4567 1.0273 0.0396, 1.3583 1.0429 0.023, 1.4567 1.0429 0.023, 1.3583 1.062 0.0105, 1.4567 1.062 0.0105, 1.3583 1.0835 0.0027, 1.4567 1.0835 0.0027, 1.4567 0.9877 0.2035, 1.3583 0.9877 0.2035, 1.4567 0.9722 0.2165, 1.3583 0.9722 0.2165, 1.4567 0.9759 0.2161, 1.3583 0.9759 0.2161, 1.4567 0.9793 0.2149, 1.3583 0.9793 0.2149, 1.4567 0.9823 0.2129, 1.3583 0.9823 0.2129, 1.4567 0.9849 0.2102, 1.3583 0.9849 0.2102, 1.4567 0.9867 0.207, 1.3583 0.9867 0.207, 1.4567 0.8606 0.2165, 1.3583 0.8606 0.2165, 1.3583 0.9722 0.2756, 1.3583 0.8634 0.2756, 1.4567 0.9722 0.2756, 1.4567 0.8634 0.2756, 1.4567 1.0459 0.2138, 1.3583 1.0459 0.2138, 1.3583 1.0409 0.2304, 1.4567 1.0409 0.2304, 1.3583 1.0322 0.2455, 1.4567 1.0322 0.2455, 1.3583 1.0203 0.2581, 1.4567 1.0203 0.2581, 1.3583 1.0058 0.2676, 1.4567 1.0058 0.2676, 1.3583 0.9895 0.2736, 1.4567 0.9895 0.2736, 1.4567 1.0674 0.0916, 1.3583 1.0674 0.0916, 1.4567 0.8661 0.2559, 1.4567 1.0701 0.0828, 1.4567 1.0746 0.0749, 1.4567 1.0809 0.0683, 1.4567 1.0885 0.0632, 1.4567 1.0971 0.0601, 1.3583 1.0971 0.0601, 1.3583 1.0885 0.0632, 1.3583 1.0809 0.0683, 1.3583 1.0746 0.0749, 1.3583 1.0701 0.0828, 1.3583 0.8661 0.2559, 1.2008 1.1062 0.0591, 1.2008 1.2598 0.0591, 1.1024 1.1062 0.0591, 1.1024 1.2598 0.0591, 1.2008 1.2598 0.0, 1.1024 1.2598 0.0, 1.2008 1.1062 0.0, 1.1024 1.1062 0.0, 1.2008 1.0093 0.0813, 1.1024 1.0093 0.0813, 1.1024 1.0158 0.0594, 1.2008 1.0158 0.0594, 1.1024 1.0273 0.0396, 1.2008 1.0273 0.0396, 1.1024 1.0429 0.023, 1.2008 1.0429 0.023, 1.1024 1.062 0.0105, 1.2008 1.062 0.0105, 1.1024 1.0835 0.0027, 1.2008 1.0835 0.0027, 1.2008 0.9877 0.2035, 1.1024 0.9877 0.2035, 1.2008 0.9722 0.2165, 1.1024 0.9722 0.2165, 1.2008 0.9759 0.2161, 1.1024 0.9759 0.2161, 1.2008 0.9793 0.2149, 1.1024 0.9793 0.2149, 1.2008 0.9823 0.2129, 1.1024 0.9823 0.2129, 1.2008 0.9849 0.2102, 1.1024 0.9849 0.2102, 1.2008 0.9867 0.207, 1.1024 0.9867 0.207, 1.2008 0.8606 0.2165, 1.1024 0.8606 0.2165, 1.1024 0.9722 0.2756, 1.1024 0.8634 0.2756, 1.2008 0.9722 0.2756, 1.2008 0.8634 0.2756, 1.2008 1.0459 0.2138, 1.1024 1.0459 0.2138, 1.1024 1.0409 0.2304, 1.2008 1.0409 0.2304, 1.1024 1.0322 0.2455, 1.2008 1.0322 0.2455, 1.1024 1.0203 0.2581, 1.2008 1.0203 0.2581, 1.1024 1.0058 0.2676, 1.2008 1.0058 0.2676, 1.1024 0.9895 0.2736, 1.2008 0.9895 0.2736, 1.2008 1.0674 0.0916, 1.1024 1.0674 0.0916, 1.2008 0.8661 0.2559, 1.2008 1.0701 0.0828, 1.2008 1.0746 0.0749, 1.2008 1.0809 0.0683, 1.2008 1.0885 0.0632, 1.2008 1.0971 0.0601, 1.1024 1.0971 0.0601, 1.1024 1.0885 0.0632, 1.1024 1.0809 0.0683, 1.1024 1.0746 0.0749, 1.1024 1.0701 0.0828, 1.1024 0.8661 0.2559, 0.9449 1.1062 0.0591, 0.9449 1.2598 0.0591, 0.8465 1.1062 0.0591, 0.8465 1.2598 0.0591, 0.9449 1.2598 0.0, 0.8465 1.2598 0.0, 0.9449 1.1062 0.0, 0.8465 1.1062 0.0, 0.9449 1.0093 0.0813, 0.8465 1.0093 0.0813, 0.8465 1.0158 0.0594, 0.9449 1.0158 0.0594, 0.8465 1.0273 0.0396, 0.9449 1.0273 0.0396, 0.8465 1.0429 0.023, 0.9449 1.0429 0.023, 0.8465 1.062 0.0105, 0.9449 1.062 0.0105, 0.8465 1.0835 0.0027, 0.9449 1.0835 0.0027, 0.9449 0.9877 0.2035, 0.8465 0.9877 0.2035, 0.9449 0.9722 0.2165, 0.8465 0.9722 0.2165, 0.9449 0.9759 0.2161, 0.8465 0.9759 0.2161, 0.9449 0.9793 0.2149, 0.8465 0.9793 0.2149, 0.9449 0.9823 0.2129, 0.8465 0.9823 0.2129, 0.9449 0.9849 0.2102, 0.8465 0.9849 0.2102, 0.9449 0.9867 0.207, 0.8465 0.9867 0.207, 0.9449 0.8606 0.2165, 0.8465 0.8606 0.2165, 0.8465 0.9722 0.2756, 0.8465 0.8634 0.2756, 0.9449 0.9722 0.2756, 0.9449 0.8634 0.2756, 0.9449 1.0459 0.2138, 0.8465 1.0459 0.2138, 0.8465 1.0409 0.2304, 0.9449 1.0409 0.2304, 0.8465 1.0322 0.2455, 0.9449 1.0322 0.2455, 0.8465 1.0203 0.2581, 0.9449 1.0203 0.2581, 0.8465 1.0058 0.2676, 0.9449 1.0058 0.2676, 0.8465 0.9895 0.2736, 0.9449 0.9895 0.2736, 0.9449 1.0674 0.0916, 0.8465 1.0674 0.0916, 0.9449 0.8661 0.2559, 0.9449 1.0701 0.0828, 0.9449 1.0746 0.0749, 0.9449 1.0809 0.0683, 0.9449 1.0885 0.0632, 0.9449 1.0971 0.0601, 0.8465 1.0971 0.0601, 0.8465 1.0885 0.0632, 0.8465 1.0809 0.0683, 0.8465 1.0746 0.0749, 0.8465 1.0701 0.0828, 0.8465 0.8661 0.2559, 0.689 1.1062 0.0591, 0.689 1.2598 0.0591, 0.5906 1.1062 0.0591, 0.5906 1.2598 0.0591, 0.689 1.2598 0.0, 0.5906 1.2598 0.0, 0.689 1.1062 0.0, 0.5906 1.1062 0.0, 0.689 1.0093 0.0813, 0.5906 1.0093 0.0813, 0.5906 1.0158 0.0594, 0.689 1.0158 0.0594, 0.5906 1.0273 0.0396, 0.689 1.0273 0.0396, 0.5906 1.0429 0.023, 0.689 1.0429 0.023, 0.5906 1.062 0.0105, 0.689 1.062 0.0105, 0.5906 1.0835 0.0027, 0.689 1.0835 0.0027, 0.689 0.9877 0.2035, 0.5906 0.9877 0.2035, 0.689 0.9722 0.2165, 0.5906 0.9722 0.2165, 0.689 0.9759 0.2161, 0.5906 0.9759 0.2161, 0.689 0.9793 0.2149, 0.5906 0.9793 0.2149, 0.689 0.9823 0.2129, 0.5906 0.9823 0.2129, 0.689 0.9849 0.2102, 0.5906 0.9849 0.2102, 0.689 0.9867 0.207, 0.5906 0.9867 0.207, 0.689 0.8606 0.2165, 0.5906 0.8606 0.2165, 0.5906 0.9722 0.2756, 0.5906 0.8634 0.2756, 0.689 0.9722 0.2756, 0.689 0.8634 0.2756, 0.689 1.0459 0.2138, 0.5906 1.0459 0.2138, 0.5906 1.0409 0.2304, 0.689 1.0409 0.2304, 0.5906 1.0322 0.2455, 0.689 1.0322 0.2455, 0.5906 1.0203 0.2581, 0.689 1.0203 0.2581, 0.5906 1.0058 0.2676, 0.689 1.0058 0.2676, 0.5906 0.9895 0.2736, 0.689 0.9895 0.2736, 0.689 1.0674 0.0916, 0.5906 1.0674 0.0916, 0.689 0.8661 0.2559, 0.689 1.0701 0.0828, 0.689 1.0746 0.0749, 0.689 1.0809 0.0683, 0.689 1.0885 0.0632, 0.689 1.0971 0.0601, 0.5906 1.0971 0.0601, 0.5906 1.0885 0.0632, 0.5906 1.0809 0.0683, 0.5906 1.0746 0.0749, 0.5906 1.0701 0.0828, 0.5906 0.8661 0.2559, 0.4331 1.1062 0.0591, 0.4331 1.2598 0.0591, 0.3346 1.1062 0.0591, 0.3346 1.2598 0.0591, 0.4331 1.2598 0.0, 0.3346 1.2598 0.0, 0.4331 1.1062 0.0, 0.3346 1.1062 0.0, 0.4331 1.0093 0.0813, 0.3346 1.0093 0.0813, 0.3346 1.0158 0.0594, 0.4331 1.0158 0.0594, 0.3346 1.0273 0.0396, 0.4331 1.0273 0.0396, 0.3346 1.0429 0.023, 0.4331 1.0429 0.023, 0.3346 1.062 0.0105, 0.4331 1.062 0.0105, 0.3346 1.0835 0.0027, 0.4331 1.0835 0.0027, 0.4331 0.9877 0.2035, 0.3346 0.9877 0.2035, 0.4331 0.9722 0.2165, 0.3346 0.9722 0.2165, 0.4331 0.9759 0.2161, 0.3346 0.9759 0.2161, 0.4331 0.9793 0.2149, 0.3346 0.9793 0.2149, 0.4331 0.9823 0.2129, 0.3346 0.9823 0.2129, 0.4331 0.9849 0.2102, 0.3346 0.9849 0.2102, 0.4331 0.9867 0.207, 0.3346 0.9867 0.207, 0.4331 0.8606 0.2165, 0.3346 0.8606 0.2165, 0.3346 0.9722 0.2756, 0.3346 0.8634 0.2756, 0.4331 0.9722 0.2756, 0.4331 0.8634 0.2756, 0.4331 1.0459 0.2138, 0.3346 1.0459 0.2138, 0.3346 1.0409 0.2304, 0.4331 1.0409 0.2304, 0.3346 1.0322 0.2455, 0.4331 1.0322 0.2455, 0.3346 1.0203 0.2581, 0.4331 1.0203 0.2581, 0.3346 1.0058 0.2676, 0.4331 1.0058 0.2676, 0.3346 0.9895 0.2736, 0.4331 0.9895 0.2736, 0.4331 1.0674 0.0916, 0.3346 1.0674 0.0916, 0.4331 0.8661 0.2559, 0.4331 1.0701 0.0828, 0.4331 1.0746 0.0749, 0.4331 1.0809 0.0683, 0.4331 1.0885 0.0632, 0.4331 1.0971 0.0601, 0.3346 1.0971 0.0601, 0.3346 1.0885 0.0632, 0.3346 1.0809 0.0683, 0.3346 1.0746 0.0749, 0.3346 1.0701 0.0828, 0.3346 0.8661 0.2559, 0.1772 1.1062 0.0591, 0.1772 1.2598 0.0591, 0.0787 1.1062 0.0591, 0.0787 1.2598 0.0591, 0.1772 1.2598 0.0, 0.0787 1.2598 0.0, 0.1772 1.1062 0.0, 0.0787 1.1062 0.0, 0.1772 1.0093 0.0813, 0.0787 1.0093 0.0813, 0.0787 1.0158 0.0594, 0.1772 1.0158 0.0594, 0.0787 1.0273 0.0396, 0.1772 1.0273 0.0396, 0.0787 1.0429 0.023, 0.1772 1.0429 0.023, 0.0787 1.062 0.0105, 0.1772 1.062 0.0105, 0.0787 1.0835 0.0027, 0.1772 1.0835 0.0027, 0.1772 0.9877 0.2035, 0.0787 0.9877 0.2035, 0.1772 0.9722 0.2165, 0.0787 0.9722 0.2165, 0.1772 0.9759 0.2161, 0.0787 0.9759 0.2161, 0.1772 0.9793 0.2149, 0.0787 0.9793 0.2149, 0.1772 0.9823 0.2129, 0.0787 0.9823 0.2129, 0.1772 0.9849 0.2102, 0.0787 0.9849 0.2102, 0.1772 0.9867 0.207, 0.0787 0.9867 0.207, 0.1772 0.8606 0.2165, 0.0787 0.8606 0.2165, 0.0787 0.9722 0.2756, 0.0787 0.8634 0.2756, 0.1772 0.9722 0.2756, 0.1772 0.8634 0.2756, 0.1772 1.0459 0.2138, 0.0787 1.0459 0.2138, 0.0787 1.0409 0.2304, 0.1772 1.0409 0.2304, 0.0787 1.0322 0.2455, 0.1772 1.0322 0.2455, 0.0787 1.0203 0.2581, 0.1772 1.0203 0.2581, 0.0787 1.0058 0.2676, 0.1772 1.0058 0.2676, 0.0787 0.9895 0.2736, 0.1772 0.9895 0.2736, 0.1772 1.0674 0.0916, 0.0787 1.0674 0.0916, 0.1772 0.8661 0.2559, 0.1772 1.0701 0.0828, 0.1772 1.0746 0.0749, 0.1772 1.0809 0.0683, 0.1772 1.0885 0.0632, 0.1772 1.0971 0.0601, 0.0787 1.0971 0.0601, 0.0787 1.0885 0.0632, 0.0787 1.0809 0.0683, 0.0787 1.0746 0.0749, 0.0787 1.0701 0.0828, 0.0787 0.8661 0.2559, -0.0787 1.1062 0.0591, -0.0787 1.2598 0.0591, -0.1772 1.1062 0.0591, -0.1772 1.2598 0.0591, -0.0787 1.2598 0.0, -0.1772 1.2598 0.0, -0.0787 1.1062 0.0, -0.1772 1.1062 0.0, -0.0787 1.0093 0.0813, -0.1772 1.0093 0.0813, -0.1772 1.0158 0.0594, -0.0787 1.0158 0.0594, -0.1772 1.0273 0.0396, -0.0787 1.0273 0.0396, -0.1772 1.0429 0.023, -0.0787 1.0429 0.023, -0.1772 1.062 0.0105, -0.0787 1.062 0.0105, -0.1772 1.0835 0.0027, -0.0787 1.0835 0.0027, -0.0787 0.9877 0.2035, -0.1772 0.9877 0.2035, -0.0787 0.9722 0.2165, -0.1772 0.9722 0.2165, -0.0787 0.9759 0.2161, -0.1772 0.9759 0.2161, -0.0787 0.9793 0.2149, -0.1772 0.9793 0.2149, -0.0787 0.9823 0.2129, -0.1772 0.9823 0.2129, -0.0787 0.9849 0.2102, -0.1772 0.9849 0.2102, -0.0787 0.9867 0.207, -0.1772 0.9867 0.207, -0.0787 0.8606 0.2165, -0.1772 0.8606 0.2165, -0.1772 0.9722 0.2756, -0.1772 0.8634 0.2756, -0.0787 0.9722 0.2756, -0.0787 0.8634 0.2756, -0.0787 1.0459 0.2138, -0.1772 1.0459 0.2138, -0.1772 1.0409 0.2304, -0.0787 1.0409 0.2304, -0.1772 1.0322 0.2455, -0.0787 1.0322 0.2455, -0.1772 1.0203 0.2581, -0.0787 1.0203 0.2581, -0.1772 1.0058 0.2676, -0.0787 1.0058 0.2676, -0.1772 0.9895 0.2736, -0.0787 0.9895 0.2736, -0.0787 1.0674 0.0916, -0.1772 1.0674 0.0916, -0.0787 0.8661 0.2559, -0.0787 1.0701 0.0828, -0.0787 1.0746 0.0749, -0.0787 1.0809 0.0683, -0.0787 1.0885 0.0632, -0.0787 1.0971 0.0601, -0.1772 1.0971 0.0601, -0.1772 1.0885 0.0632, -0.1772 1.0809 0.0683, -0.1772 1.0746 0.0749, -0.1772 1.0701 0.0828, -0.1772 0.8661 0.2559, -0.3346 1.1062 0.0591, -0.3346 1.2598 0.0591, -0.4331 1.1062 0.0591, -0.4331 1.2598 0.0591, -0.3346 1.2598 0.0, -0.4331 1.2598 0.0, -0.3346 1.1062 0.0, -0.4331 1.1062 0.0, -0.3346 1.0093 0.0813, -0.4331 1.0093 0.0813, -0.4331 1.0158 0.0594, -0.3346 1.0158 0.0594, -0.4331 1.0273 0.0396, -0.3346 1.0273 0.0396, -0.4331 1.0429 0.023, -0.3346 1.0429 0.023, -0.4331 1.062 0.0105, -0.3346 1.062 0.0105, -0.4331 1.0835 0.0027, -0.3346 1.0835 0.0027, -0.3346 0.9877 0.2035, -0.4331 0.9877 0.2035, -0.3346 0.9722 0.2165, -0.4331 0.9722 0.2165, -0.3346 0.9759 0.2161, -0.4331 0.9759 0.2161, -0.3346 0.9793 0.2149, -0.4331 0.9793 0.2149, -0.3346 0.9823 0.2129, -0.4331 0.9823 0.2129, -0.3346 0.9849 0.2102, -0.4331 0.9849 0.2102, -0.3346 0.9867 0.207, -0.4331 0.9867 0.207, -0.3346 0.8606 0.2165, -0.4331 0.8606 0.2165, -0.4331 0.9722 0.2756, -0.4331 0.8634 0.2756, -0.3346 0.9722 0.2756, -0.3346 0.8634 0.2756, -0.3346 1.0459 0.2138, -0.4331 1.0459 0.2138, -0.4331 1.0409 0.2304, -0.3346 1.0409 0.2304, -0.4331 1.0322 0.2455, -0.3346 1.0322 0.2455, -0.4331 1.0203 0.2581, -0.3346 1.0203 0.2581, -0.4331 1.0058 0.2676, -0.3346 1.0058 0.2676, -0.4331 0.9895 0.2736, -0.3346 0.9895 0.2736, -0.3346 1.0674 0.0916, -0.4331 1.0674 0.0916, -0.3346 0.8661 0.2559, -0.3346 1.0701 0.0828, -0.3346 1.0746 0.0749, -0.3346 1.0809 0.0683, -0.3346 1.0885 0.0632, -0.3346 1.0971 0.0601, -0.4331 1.0971 0.0601, -0.4331 1.0885 0.0632, -0.4331 1.0809 0.0683, -0.4331 1.0746 0.0749, -0.4331 1.0701 0.0828, -0.4331 0.8661 0.2559, -0.5906 1.1062 0.0591, -0.5906 1.2598 0.0591, -0.689 1.1062 0.0591, -0.689 1.2598 0.0591, -0.5906 1.2598 0.0, -0.689 1.2598 0.0, -0.5906 1.1062 0.0, -0.689 1.1062 0.0, -0.5906 1.0093 0.0813, -0.689 1.0093 0.0813, -0.689 1.0158 0.0594, -0.5906 1.0158 0.0594, -0.689 1.0273 0.0396, -0.5906 1.0273 0.0396, -0.689 1.0429 0.023, -0.5906 1.0429 0.023, -0.689 1.062 0.0105, -0.5906 1.062 0.0105, -0.689 1.0835 0.0027, -0.5906 1.0835 0.0027, -0.5906 0.9877 0.2035, -0.689 0.9877 0.2035, -0.5906 0.9722 0.2165, -0.689 0.9722 0.2165, -0.5906 0.9759 0.2161, -0.689 0.9759 0.2161, -0.5906 0.9793 0.2149, -0.689 0.9793 0.2149, -0.5906 0.9823 0.2129, -0.689 0.9823 0.2129, -0.5906 0.9849 0.2102, -0.689 0.9849 0.2102, -0.5906 0.9867 0.207, -0.689 0.9867 0.207, -0.5906 0.8606 0.2165, -0.689 0.8606 0.2165, -0.689 0.9722 0.2756, -0.689 0.8634 0.2756, -0.5906 0.9722 0.2756, -0.5906 0.8634 0.2756, -0.5906 1.0459 0.2138, -0.689 1.0459 0.2138, -0.689 1.0409 0.2304, -0.5906 1.0409 0.2304, -0.689 1.0322 0.2455, -0.5906 1.0322 0.2455, -0.689 1.0203 0.2581, -0.5906 1.0203 0.2581, -0.689 1.0058 0.2676, -0.5906 1.0058 0.2676, -0.689 0.9895 0.2736, -0.5906 0.9895 0.2736, -0.5906 1.0674 0.0916, -0.689 1.0674 0.0916, -0.5906 0.8661 0.2559, -0.5906 1.0701 0.0828, -0.5906 1.0746 0.0749, -0.5906 1.0809 0.0683, -0.5906 1.0885 0.0632, -0.5906 1.0971 0.0601, -0.689 1.0971 0.0601, -0.689 1.0885 0.0632, -0.689 1.0809 0.0683, -0.689 1.0746 0.0749, -0.689 1.0701 0.0828, -0.689 0.8661 0.2559, -0.8465 1.1062 0.0591, -0.8465 1.2598 0.0591, -0.9449 1.1062 0.0591, -0.9449 1.2598 0.0591, -0.8465 1.2598 0.0, -0.9449 1.2598 0.0, -0.8465 1.1062 0.0, -0.9449 1.1062 0.0, -0.8465 1.0093 0.0813, -0.9449 1.0093 0.0813, -0.9449 1.0158 0.0594, -0.8465 1.0158 0.0594, -0.9449 1.0273 0.0396, -0.8465 1.0273 0.0396, -0.9449 1.0429 0.023, -0.8465 1.0429 0.023, -0.9449 1.062 0.0105, -0.8465 1.062 0.0105, -0.9449 1.0835 0.0027, -0.8465 1.0835 0.0027, -0.8465 0.9877 0.2035, -0.9449 0.9877 0.2035, -0.8465 0.9722 0.2165, -0.9449 0.9722 0.2165, -0.8465 0.9759 0.2161, -0.9449 0.9759 0.2161, -0.8465 0.9793 0.2149, -0.9449 0.9793 0.2149, -0.8465 0.9823 0.2129, -0.9449 0.9823 0.2129, -0.8465 0.9849 0.2102, -0.9449 0.9849 0.2102, -0.8465 0.9867 0.207, -0.9449 0.9867 0.207, -0.8465 0.8606 0.2165, -0.9449 0.8606 0.2165, -0.9449 0.9722 0.2756, -0.9449 0.8634 0.2756, -0.8465 0.9722 0.2756, -0.8465 0.8634 0.2756, -0.8465 1.0459 0.2138, -0.9449 1.0459 0.2138, -0.9449 1.0409 0.2304, -0.8465 1.0409 0.2304, -0.9449 1.0322 0.2455, -0.8465 1.0322 0.2455, -0.9449 1.0203 0.2581, -0.8465 1.0203 0.2581, -0.9449 1.0058 0.2676, -0.8465 1.0058 0.2676, -0.9449 0.9895 0.2736, -0.8465 0.9895 0.2736, -0.8465 1.0674 0.0916, -0.9449 1.0674 0.0916, -0.8465 0.8661 0.2559, -0.8465 1.0701 0.0828, -0.8465 1.0746 0.0749, -0.8465 1.0809 0.0683, -0.8465 1.0885 0.0632, -0.8465 1.0971 0.0601, -0.9449 1.0971 0.0601, -0.9449 1.0885 0.0632, -0.9449 1.0809 0.0683, -0.9449 1.0746 0.0749, -0.9449 1.0701 0.0828, -0.9449 0.8661 0.2559, -1.1024 1.1062 0.0591, -1.1024 1.2598 0.0591, -1.2008 1.1062 0.0591, -1.2008 1.2598 0.0591, -1.1024 1.2598 0.0, -1.2008 1.2598 0.0, -1.1024 1.1062 0.0, -1.2008 1.1062 0.0, -1.1024 1.0093 0.0813, -1.2008 1.0093 0.0813, -1.2008 1.0158 0.0594, -1.1024 1.0158 0.0594, -1.2008 1.0273 0.0396, -1.1024 1.0273 0.0396, -1.2008 1.0429 0.023, -1.1024 1.0429 0.023, -1.2008 1.062 0.0105, -1.1024 1.062 0.0105, -1.2008 1.0835 0.0027, -1.1024 1.0835 0.0027, -1.1024 0.9877 0.2035, -1.2008 0.9877 0.2035, -1.1024 0.9722 0.2165, -1.2008 0.9722 0.2165, -1.1024 0.9759 0.2161, -1.2008 0.9759 0.2161, -1.1024 0.9793 0.2149, -1.2008 0.9793 0.2149, -1.1024 0.9823 0.2129, -1.2008 0.9823 0.2129, -1.1024 0.9849 0.2102, -1.2008 0.9849 0.2102, -1.1024 0.9867 0.207, -1.2008 0.9867 0.207, -1.1024 0.8606 0.2165, -1.2008 0.8606 0.2165, -1.2008 0.9722 0.2756, -1.2008 0.8634 0.2756, -1.1024 0.9722 0.2756, -1.1024 0.8634 0.2756, -1.1024 1.0459 0.2138, -1.2008 1.0459 0.2138, -1.2008 1.0409 0.2304, -1.1024 1.0409 0.2304, -1.2008 1.0322 0.2455, -1.1024 1.0322 0.2455, -1.2008 1.0203 0.2581, -1.1024 1.0203 0.2581, -1.2008 1.0058 0.2676, -1.1024 1.0058 0.2676, -1.2008 0.9895 0.2736, -1.1024 0.9895 0.2736, -1.1024 1.0674 0.0916, -1.2008 1.0674 0.0916, -1.1024 0.8661 0.2559, -1.1024 1.0701 0.0828, -1.1024 1.0746 0.0749, -1.1024 1.0809 0.0683, -1.1024 1.0885 0.0632, -1.1024 1.0971 0.0601, -1.2008 1.0971 0.0601, -1.2008 1.0885 0.0632, -1.2008 1.0809 0.0683, -1.2008 1.0746 0.0749, -1.2008 1.0701 0.0828, -1.2008 0.8661 0.2559, -1.3583 1.1062 0.0591, -1.3583 1.2598 0.0591, -1.4567 1.1062 0.0591, -1.4567 1.2598 0.0591, -1.3583 1.2598 0.0, -1.4567 1.2598 0.0, -1.3583 1.1062 0.0, -1.4567 1.1062 0.0, -1.3583 1.0093 0.0813, -1.4567 1.0093 0.0813, -1.4567 1.0158 0.0594, -1.3583 1.0158 0.0594, -1.4567 1.0273 0.0396, -1.3583 1.0273 0.0396, -1.4567 1.0429 0.023, -1.3583 1.0429 0.023, -1.4567 1.062 0.0105, -1.3583 1.062 0.0105, -1.4567 1.0835 0.0027, -1.3583 1.0835 0.0027, -1.3583 0.9877 0.2035, -1.4567 0.9877 0.2035, -1.3583 0.9722 0.2165, -1.4567 0.9722 0.2165, -1.3583 0.9759 0.2161, -1.4567 0.9759 0.2161, -1.3583 0.9793 0.2149, -1.4567 0.9793 0.2149, -1.3583 0.9823 0.2129, -1.4567 0.9823 0.2129, -1.3583 0.9849 0.2102, -1.4567 0.9849 0.2102, -1.3583 0.9867 0.207, -1.4567 0.9867 0.207, -1.3583 0.8606 0.2165, -1.4567 0.8606 0.2165, -1.4567 0.9722 0.2756, -1.4567 0.8634 0.2756, -1.3583 0.9722 0.2756, -1.3583 0.8634 0.2756, -1.3583 1.0459 0.2138, -1.4567 1.0459 0.2138, -1.4567 1.0409 0.2304, -1.3583 1.0409 0.2304, -1.4567 1.0322 0.2455, -1.3583 1.0322 0.2455, -1.4567 1.0203 0.2581, -1.3583 1.0203 0.2581, -1.4567 1.0058 0.2676, -1.3583 1.0058 0.2676, -1.4567 0.9895 0.2736, -1.3583 0.9895 0.2736, -1.3583 1.0674 0.0916, -1.4567 1.0674 0.0916, -1.3583 0.8661 0.2559, -1.3583 1.0701 0.0828, -1.3583 1.0746 0.0749, -1.3583 1.0809 0.0683, -1.3583 1.0885 0.0632, -1.3583 1.0971 0.0601, -1.4567 1.0971 0.0601, -1.4567 1.0885 0.0632, -1.4567 1.0809 0.0683, -1.4567 1.0746 0.0749, -1.4567 1.0701 0.0828, -1.4567 0.8661 0.2559
            ]
        }
        coordIndex [
            0,1,2,-1,2,1,3,-1,4,5,6,-1,6,5,7,-1,8,4,9,-1,9,4,6,-1,10,8,11,-1,11,8,9,-1,10,11,12,-1,10,12,13,-1,13,12,14,-1,13,14,15,-1,15,14,16,-1,15,16,17,-1,17,16,18,-1,17,18,19,-1,19,18,20,-1,19,20,21,-1,21,20,22,-1,21,22,23,-1,24,23,25,-1,25,23,22,-1,24,25,26,-1,26,25,27,-1,26,27,28,-1,28,27,29,-1,28,29,30,-1,30,29,31,-1,30,31,32,-1,32,31,33,-1,32,33,34,-1,34,33,35,-1,34,35,36,-1,36,35,37,-1,38,36,39,-1,39,36,37,-1,3,1,40,-1,3,40,41,-1,41,40,42,-1,41,42,43,-1,43,42,44,-1,43,44,45,-1,45,44,46,-1,45,46,47,-1,47,46,48,-1,47,48,49,-1,49,48,50,-1,49,50,51,-1,52,51,53,-1,53,51,50,-1,52,53,54,-1,54,53,55,-1,54,55,56,-1,56,55,57,-1,56,57,58,-1,58,57,59,-1,58,59,60,-1,60,59,61,-1,60,61,62,-1,62,61,63,-1,62,63,5,-1,5,63,7,-1,64,2,45,-1,45,2,3,-1,45,3,43,-1,43,3,41,-1,38,64,36,-1,36,64,45,-1,36,45,34,-1,34,45,32,-1,4,8,5,-1,5,8,10,-1,5,10,62,-1,62,10,13,-1,62,13,60,-1,60,13,15,-1,60,15,58,-1,58,15,17,-1,58,17,56,-1,56,17,19,-1,56,19,54,-1,54,19,21,-1,54,21,52,-1,52,21,23,-1,52,23,51,-1,51,23,24,-1,51,24,49,-1,49,24,26,-1,49,26,47,-1,47,26,28,-1,47,28,45,-1,45,28,30,-1,45,30,32,-1,1,0,65,-1,40,1,42,-1,42,1,44,-1,37,35,44,-1,1,65,44,-1,44,65,39,-1,44,39,37,-1,35,33,44,-1,44,33,31,-1,44,31,46,-1,46,31,29,-1,46,29,48,-1,48,29,27,-1,48,27,50,-1,50,27,25,-1,50,25,53,-1,53,25,22,-1,53,22,55,-1,55,22,20,-1,55,20,57,-1,57,20,18,-1,57,18,59,-1,59,18,16,-1,59,16,61,-1,61,16,14,-1,61,14,63,-1,63,14,12,-1,63,12,7,-1,7,12,11,-1,7,11,6,-1,6,11,9,-1,66,67,68,-1,68,67,69,-1,70,66,71,-1,71,66,68,-1,72,70,73,-1,73,70,71,-1,72,73,74,-1,72,74,75,-1,75,74,76,-1,75,76,77,-1,77,76,78,-1,77,78,79,-1,79,78,80,-1,79,80,81,-1,81,80,82,-1,81,82,83,-1,83,82,84,-1,83,84,85,-1,86,85,87,-1,87,85,84,-1,86,87,88,-1,88,87,89,-1,88,89,90,-1,90,89,91,-1,90,91,92,-1,92,91,93,-1,92,93,94,-1,94,93,95,-1,94,95,96,-1,96,95,97,-1,96,97,98,-1,98,97,99,-1,100,98,101,-1,101,98,99,-1,102,103,104,-1,104,103,105,-1,105,103,106,-1,105,106,107,-1,107,106,108,-1,107,108,109,-1,109,108,110,-1,109,110,111,-1,111,110,112,-1,111,112,113,-1,113,112,114,-1,113,114,115,-1,115,114,116,-1,115,116,117,-1,118,117,119,-1,119,117,116,-1,120,104,111,-1,111,104,105,-1,111,105,109,-1,109,105,107,-1,100,120,98,-1,98,120,111,-1,98,111,96,-1,96,111,94,-1,66,70,67,-1,67,70,72,-1,67,72,121,-1,121,72,75,-1,121,75,122,-1,122,75,77,-1,122,77,123,-1,123,77,79,-1,123,79,124,-1,124,79,81,-1,124,81,125,-1,125,81,83,-1,125,83,118,-1,118,83,85,-1,118,85,117,-1,117,85,86,-1,117,86,115,-1,115,86,88,-1,115,88,113,-1,113,88,90,-1,113,90,111,-1,111,90,92,-1,111,92,94,-1,118,119,125,-1,125,119,126,-1,125,126,124,-1,124,126,127,-1,124,127,123,-1,123,127,128,-1,123,128,122,-1,122,128,129,-1,122,129,121,-1,121,129,130,-1,121,130,67,-1,67,130,69,-1,103,102,131,-1,106,103,108,-1,108,103,110,-1,99,97,110,-1,103,131,110,-1,110,131,101,-1,110,101,99,-1,97,95,110,-1,110,95,93,-1,110,93,112,-1,112,93,91,-1,112,91,114,-1,114,91,89,-1,114,89,116,-1,116,89,87,-1,116,87,119,-1,119,87,84,-1,119,84,126,-1,126,84,82,-1,126,82,127,-1,127,82,80,-1,127,80,128,-1,128,80,78,-1,128,78,129,-1,129,78,76,-1,129,76,130,-1,130,76,74,-1,130,74,69,-1,69,74,73,-1,69,73,68,-1,68,73,71,-1,132,133,134,-1,134,133,135,-1,136,132,137,-1,137,132,134,-1,138,136,139,-1,139,136,137,-1,138,139,140,-1,138,140,141,-1,141,140,142,-1,141,142,143,-1,143,142,144,-1,143,144,145,-1,145,144,146,-1,145,146,147,-1,147,146,148,-1,147,148,149,-1,149,148,150,-1,149,150,151,-1,152,151,153,-1,153,151,150,-1,152,153,154,-1,154,153,155,-1,154,155,156,-1,156,155,157,-1,156,157,158,-1,158,157,159,-1,158,159,160,-1,160,159,161,-1,160,161,162,-1,162,161,163,-1,162,163,164,-1,164,163,165,-1,166,164,167,-1,167,164,165,-1,168,169,170,-1,170,169,171,-1,171,169,172,-1,171,172,173,-1,173,172,174,-1,173,174,175,-1,175,174,176,-1,175,176,177,-1,177,176,178,-1,177,178,179,-1,179,178,180,-1,179,180,181,-1,181,180,182,-1,181,182,183,-1,184,183,185,-1,185,183,182,-1,186,170,177,-1,177,170,171,-1,177,171,175,-1,175,171,173,-1,166,186,164,-1,164,186,177,-1,164,177,162,-1,162,177,160,-1,132,136,133,-1,133,136,138,-1,133,138,187,-1,187,138,141,-1,187,141,188,-1,188,141,143,-1,188,143,189,-1,189,143,145,-1,189,145,190,-1,190,145,147,-1,190,147,191,-1,191,147,149,-1,191,149,184,-1,184,149,151,-1,184,151,183,-1,183,151,152,-1,183,152,181,-1,181,152,154,-1,181,154,179,-1,179,154,156,-1,179,156,177,-1,177,156,158,-1,177,158,160,-1,184,185,191,-1,191,185,192,-1,191,192,190,-1,190,192,193,-1,190,193,189,-1,189,193,194,-1,189,194,188,-1,188,194,195,-1,188,195,187,-1,187,195,196,-1,187,196,133,-1,133,196,135,-1,169,168,197,-1,172,169,174,-1,174,169,176,-1,165,163,176,-1,169,197,176,-1,176,197,167,-1,176,167,165,-1,163,161,176,-1,176,161,159,-1,176,159,178,-1,178,159,157,-1,178,157,180,-1,180,157,155,-1,180,155,182,-1,182,155,153,-1,182,153,185,-1,185,153,150,-1,185,150,192,-1,192,150,148,-1,192,148,193,-1,193,148,146,-1,193,146,194,-1,194,146,144,-1,194,144,195,-1,195,144,142,-1,195,142,196,-1,196,142,140,-1,196,140,135,-1,135,140,139,-1,135,139,134,-1,134,139,137,-1,198,199,200,-1,200,199,201,-1,202,198,203,-1,203,198,200,-1,204,202,205,-1,205,202,203,-1,204,205,206,-1,204,206,207,-1,207,206,208,-1,207,208,209,-1,209,208,210,-1,209,210,211,-1,211,210,212,-1,211,212,213,-1,213,212,214,-1,213,214,215,-1,215,214,216,-1,215,216,217,-1,218,217,219,-1,219,217,216,-1,218,219,220,-1,220,219,221,-1,220,221,222,-1,222,221,223,-1,222,223,224,-1,224,223,225,-1,224,225,226,-1,226,225,227,-1,226,227,228,-1,228,227,229,-1,228,229,230,-1,230,229,231,-1,232,230,233,-1,233,230,231,-1,234,235,236,-1,236,235,237,-1,237,235,238,-1,237,238,239,-1,239,238,240,-1,239,240,241,-1,241,240,242,-1,241,242,243,-1,243,242,244,-1,243,244,245,-1,245,244,246,-1,245,246,247,-1,247,246,248,-1,247,248,249,-1,250,249,251,-1,251,249,248,-1,252,236,243,-1,243,236,237,-1,243,237,241,-1,241,237,239,-1,232,252,230,-1,230,252,243,-1,230,243,228,-1,228,243,226,-1,198,202,199,-1,199,202,204,-1,199,204,253,-1,253,204,207,-1,253,207,254,-1,254,207,209,-1,254,209,255,-1,255,209,211,-1,255,211,256,-1,256,211,213,-1,256,213,257,-1,257,213,215,-1,257,215,250,-1,250,215,217,-1,250,217,249,-1,249,217,218,-1,249,218,247,-1,247,218,220,-1,247,220,245,-1,245,220,222,-1,245,222,243,-1,243,222,224,-1,243,224,226,-1,250,251,257,-1,257,251,258,-1,257,258,256,-1,256,258,259,-1,256,259,255,-1,255,259,260,-1,255,260,254,-1,254,260,261,-1,254,261,253,-1,253,261,262,-1,253,262,199,-1,199,262,201,-1,235,234,263,-1,238,235,240,-1,240,235,242,-1,231,229,242,-1,235,263,242,-1,242,263,233,-1,242,233,231,-1,229,227,242,-1,242,227,225,-1,242,225,244,-1,244,225,223,-1,244,223,246,-1,246,223,221,-1,246,221,248,-1,248,221,219,-1,248,219,251,-1,251,219,216,-1,251,216,258,-1,258,216,214,-1,258,214,259,-1,259,214,212,-1,259,212,260,-1,260,212,210,-1,260,210,261,-1,261,210,208,-1,261,208,262,-1,262,208,206,-1,262,206,201,-1,201,206,205,-1,201,205,200,-1,200,205,203,-1,264,265,266,-1,266,265,267,-1,268,264,269,-1,269,264,266,-1,270,268,271,-1,271,268,269,-1,270,271,272,-1,270,272,273,-1,273,272,274,-1,273,274,275,-1,275,274,276,-1,275,276,277,-1,277,276,278,-1,277,278,279,-1,279,278,280,-1,279,280,281,-1,281,280,282,-1,281,282,283,-1,284,283,285,-1,285,283,282,-1,284,285,286,-1,286,285,287,-1,286,287,288,-1,288,287,289,-1,288,289,290,-1,290,289,291,-1,290,291,292,-1,292,291,293,-1,292,293,294,-1,294,293,295,-1,294,295,296,-1,296,295,297,-1,298,296,299,-1,299,296,297,-1,300,301,302,-1,302,301,303,-1,303,301,304,-1,303,304,305,-1,305,304,306,-1,305,306,307,-1,307,306,308,-1,307,308,309,-1,309,308,310,-1,309,310,311,-1,311,310,312,-1,311,312,313,-1,313,312,314,-1,313,314,315,-1,316,315,317,-1,317,315,314,-1,318,302,309,-1,309,302,303,-1,309,303,307,-1,307,303,305,-1,298,318,296,-1,296,318,309,-1,296,309,294,-1,294,309,292,-1,264,268,265,-1,265,268,270,-1,265,270,319,-1,319,270,273,-1,319,273,320,-1,320,273,275,-1,320,275,321,-1,321,275,277,-1,321,277,322,-1,322,277,279,-1,322,279,323,-1,323,279,281,-1,323,281,316,-1,316,281,283,-1,316,283,315,-1,315,283,284,-1,315,284,313,-1,313,284,286,-1,313,286,311,-1,311,286,288,-1,311,288,309,-1,309,288,290,-1,309,290,292,-1,316,317,323,-1,323,317,324,-1,323,324,322,-1,322,324,325,-1,322,325,321,-1,321,325,326,-1,321,326,320,-1,320,326,327,-1,320,327,319,-1,319,327,328,-1,319,328,265,-1,265,328,267,-1,301,300,329,-1,304,301,306,-1,306,301,308,-1,297,295,308,-1,301,329,308,-1,308,329,299,-1,308,299,297,-1,295,293,308,-1,308,293,291,-1,308,291,310,-1,310,291,289,-1,310,289,312,-1,312,289,287,-1,312,287,314,-1,314,287,285,-1,314,285,317,-1,317,285,282,-1,317,282,324,-1,324,282,280,-1,324,280,325,-1,325,280,278,-1,325,278,326,-1,326,278,276,-1,326,276,327,-1,327,276,274,-1,327,274,328,-1,328,274,272,-1,328,272,267,-1,267,272,271,-1,267,271,266,-1,266,271,269,-1,330,331,332,-1,332,331,333,-1,334,330,335,-1,335,330,332,-1,336,334,337,-1,337,334,335,-1,336,337,338,-1,336,338,339,-1,339,338,340,-1,339,340,341,-1,341,340,342,-1,341,342,343,-1,343,342,344,-1,343,344,345,-1,345,344,346,-1,345,346,347,-1,347,346,348,-1,347,348,349,-1,350,349,351,-1,351,349,348,-1,350,351,352,-1,352,351,353,-1,352,353,354,-1,354,353,355,-1,354,355,356,-1,356,355,357,-1,356,357,358,-1,358,357,359,-1,358,359,360,-1,360,359,361,-1,360,361,362,-1,362,361,363,-1,364,362,365,-1,365,362,363,-1,366,367,368,-1,368,367,369,-1,369,367,370,-1,369,370,371,-1,371,370,372,-1,371,372,373,-1,373,372,374,-1,373,374,375,-1,375,374,376,-1,375,376,377,-1,377,376,378,-1,377,378,379,-1,379,378,380,-1,379,380,381,-1,382,381,383,-1,383,381,380,-1,384,368,375,-1,375,368,369,-1,375,369,373,-1,373,369,371,-1,364,384,362,-1,362,384,375,-1,362,375,360,-1,360,375,358,-1,330,334,331,-1,331,334,336,-1,331,336,385,-1,385,336,339,-1,385,339,386,-1,386,339,341,-1,386,341,387,-1,387,341,343,-1,387,343,388,-1,388,343,345,-1,388,345,389,-1,389,345,347,-1,389,347,382,-1,382,347,349,-1,382,349,381,-1,381,349,350,-1,381,350,379,-1,379,350,352,-1,379,352,377,-1,377,352,354,-1,377,354,375,-1,375,354,356,-1,375,356,358,-1,382,383,389,-1,389,383,390,-1,389,390,388,-1,388,390,391,-1,388,391,387,-1,387,391,392,-1,387,392,386,-1,386,392,393,-1,386,393,385,-1,385,393,394,-1,385,394,331,-1,331,394,333,-1,367,366,395,-1,370,367,372,-1,372,367,374,-1,363,361,374,-1,367,395,374,-1,374,395,365,-1,374,365,363,-1,361,359,374,-1,374,359,357,-1,374,357,376,-1,376,357,355,-1,376,355,378,-1,378,355,353,-1,378,353,380,-1,380,353,351,-1,380,351,383,-1,383,351,348,-1,383,348,390,-1,390,348,346,-1,390,346,391,-1,391,346,344,-1,391,344,392,-1,392,344,342,-1,392,342,393,-1,393,342,340,-1,393,340,394,-1,394,340,338,-1,394,338,333,-1,333,338,337,-1,333,337,332,-1,332,337,335,-1,396,397,398,-1,398,397,399,-1,400,396,401,-1,401,396,398,-1,402,400,403,-1,403,400,401,-1,402,403,404,-1,402,404,405,-1,405,404,406,-1,405,406,407,-1,407,406,408,-1,407,408,409,-1,409,408,410,-1,409,410,411,-1,411,410,412,-1,411,412,413,-1,413,412,414,-1,413,414,415,-1,416,415,417,-1,417,415,414,-1,416,417,418,-1,418,417,419,-1,418,419,420,-1,420,419,421,-1,420,421,422,-1,422,421,423,-1,422,423,424,-1,424,423,425,-1,424,425,426,-1,426,425,427,-1,426,427,428,-1,428,427,429,-1,430,428,431,-1,431,428,429,-1,432,433,434,-1,434,433,435,-1,435,433,436,-1,435,436,437,-1,437,436,438,-1,437,438,439,-1,439,438,440,-1,439,440,441,-1,441,440,442,-1,441,442,443,-1,443,442,444,-1,443,444,445,-1,445,444,446,-1,445,446,447,-1,448,447,449,-1,449,447,446,-1,450,434,441,-1,441,434,435,-1,441,435,439,-1,439,435,437,-1,430,450,428,-1,428,450,441,-1,428,441,426,-1,426,441,424,-1,396,400,397,-1,397,400,402,-1,397,402,451,-1,451,402,405,-1,451,405,452,-1,452,405,407,-1,452,407,453,-1,453,407,409,-1,453,409,454,-1,454,409,411,-1,454,411,455,-1,455,411,413,-1,455,413,448,-1,448,413,415,-1,448,415,447,-1,447,415,416,-1,447,416,445,-1,445,416,418,-1,445,418,443,-1,443,418,420,-1,443,420,441,-1,441,420,422,-1,441,422,424,-1,448,449,455,-1,455,449,456,-1,455,456,454,-1,454,456,457,-1,454,457,453,-1,453,457,458,-1,453,458,452,-1,452,458,459,-1,452,459,451,-1,451,459,460,-1,451,460,397,-1,397,460,399,-1,433,432,461,-1,436,433,438,-1,438,433,440,-1,429,427,440,-1,433,461,440,-1,440,461,431,-1,440,431,429,-1,427,425,440,-1,440,425,423,-1,440,423,442,-1,442,423,421,-1,442,421,444,-1,444,421,419,-1,444,419,446,-1,446,419,417,-1,446,417,449,-1,449,417,414,-1,449,414,456,-1,456,414,412,-1,456,412,457,-1,457,412,410,-1,457,410,458,-1,458,410,408,-1,458,408,459,-1,459,408,406,-1,459,406,460,-1,460,406,404,-1,460,404,399,-1,399,404,403,-1,399,403,398,-1,398,403,401,-1,462,463,464,-1,464,463,465,-1,466,462,467,-1,467,462,464,-1,468,466,469,-1,469,466,467,-1,468,469,470,-1,468,470,471,-1,471,470,472,-1,471,472,473,-1,473,472,474,-1,473,474,475,-1,475,474,476,-1,475,476,477,-1,477,476,478,-1,477,478,479,-1,479,478,480,-1,479,480,481,-1,482,481,483,-1,483,481,480,-1,482,483,484,-1,484,483,485,-1,484,485,486,-1,486,485,487,-1,486,487,488,-1,488,487,489,-1,488,489,490,-1,490,489,491,-1,490,491,492,-1,492,491,493,-1,492,493,494,-1,494,493,495,-1,496,494,497,-1,497,494,495,-1,498,499,500,-1,500,499,501,-1,501,499,502,-1,501,502,503,-1,503,502,504,-1,503,504,505,-1,505,504,506,-1,505,506,507,-1,507,506,508,-1,507,508,509,-1,509,508,510,-1,509,510,511,-1,511,510,512,-1,511,512,513,-1,514,513,515,-1,515,513,512,-1,516,500,507,-1,507,500,501,-1,507,501,505,-1,505,501,503,-1,496,516,494,-1,494,516,507,-1,494,507,492,-1,492,507,490,-1,462,466,463,-1,463,466,468,-1,463,468,517,-1,517,468,471,-1,517,471,518,-1,518,471,473,-1,518,473,519,-1,519,473,475,-1,519,475,520,-1,520,475,477,-1,520,477,521,-1,521,477,479,-1,521,479,514,-1,514,479,481,-1,514,481,513,-1,513,481,482,-1,513,482,511,-1,511,482,484,-1,511,484,509,-1,509,484,486,-1,509,486,507,-1,507,486,488,-1,507,488,490,-1,514,515,521,-1,521,515,522,-1,521,522,520,-1,520,522,523,-1,520,523,519,-1,519,523,524,-1,519,524,518,-1,518,524,525,-1,518,525,517,-1,517,525,526,-1,517,526,463,-1,463,526,465,-1,499,498,527,-1,502,499,504,-1,504,499,506,-1,495,493,506,-1,499,527,506,-1,506,527,497,-1,506,497,495,-1,493,491,506,-1,506,491,489,-1,506,489,508,-1,508,489,487,-1,508,487,510,-1,510,487,485,-1,510,485,512,-1,512,485,483,-1,512,483,515,-1,515,483,480,-1,515,480,522,-1,522,480,478,-1,522,478,523,-1,523,478,476,-1,523,476,524,-1,524,476,474,-1,524,474,525,-1,525,474,472,-1,525,472,526,-1,526,472,470,-1,526,470,465,-1,465,470,469,-1,465,469,464,-1,464,469,467,-1,528,529,530,-1,530,529,531,-1,532,528,533,-1,533,528,530,-1,534,532,535,-1,535,532,533,-1,534,535,536,-1,534,536,537,-1,537,536,538,-1,537,538,539,-1,539,538,540,-1,539,540,541,-1,541,540,542,-1,541,542,543,-1,543,542,544,-1,543,544,545,-1,545,544,546,-1,545,546,547,-1,548,547,549,-1,549,547,546,-1,548,549,550,-1,550,549,551,-1,550,551,552,-1,552,551,553,-1,552,553,554,-1,554,553,555,-1,554,555,556,-1,556,555,557,-1,556,557,558,-1,558,557,559,-1,558,559,560,-1,560,559,561,-1,562,560,563,-1,563,560,561,-1,564,565,566,-1,566,565,567,-1,567,565,568,-1,567,568,569,-1,569,568,570,-1,569,570,571,-1,571,570,572,-1,571,572,573,-1,573,572,574,-1,573,574,575,-1,575,574,576,-1,575,576,577,-1,577,576,578,-1,577,578,579,-1,580,579,581,-1,581,579,578,-1,582,566,573,-1,573,566,567,-1,573,567,571,-1,571,567,569,-1,562,582,560,-1,560,582,573,-1,560,573,558,-1,558,573,556,-1,528,532,529,-1,529,532,534,-1,529,534,583,-1,583,534,537,-1,583,537,584,-1,584,537,539,-1,584,539,585,-1,585,539,541,-1,585,541,586,-1,586,541,543,-1,586,543,587,-1,587,543,545,-1,587,545,580,-1,580,545,547,-1,580,547,579,-1,579,547,548,-1,579,548,577,-1,577,548,550,-1,577,550,575,-1,575,550,552,-1,575,552,573,-1,573,552,554,-1,573,554,556,-1,580,581,587,-1,587,581,588,-1,587,588,586,-1,586,588,589,-1,586,589,585,-1,585,589,590,-1,585,590,584,-1,584,590,591,-1,584,591,583,-1,583,591,592,-1,583,592,529,-1,529,592,531,-1,565,564,593,-1,568,565,570,-1,570,565,572,-1,561,559,572,-1,565,593,572,-1,572,593,563,-1,572,563,561,-1,559,557,572,-1,572,557,555,-1,572,555,574,-1,574,555,553,-1,574,553,576,-1,576,553,551,-1,576,551,578,-1,578,551,549,-1,578,549,581,-1,581,549,546,-1,581,546,588,-1,588,546,544,-1,588,544,589,-1,589,544,542,-1,589,542,590,-1,590,542,540,-1,590,540,591,-1,591,540,538,-1,591,538,592,-1,592,538,536,-1,592,536,531,-1,531,536,535,-1,531,535,530,-1,530,535,533,-1,594,595,596,-1,596,595,597,-1,598,594,599,-1,599,594,596,-1,600,598,601,-1,601,598,599,-1,600,601,602,-1,600,602,603,-1,603,602,604,-1,603,604,605,-1,605,604,606,-1,605,606,607,-1,607,606,608,-1,607,608,609,-1,609,608,610,-1,609,610,611,-1,611,610,612,-1,611,612,613,-1,614,613,615,-1,615,613,612,-1,614,615,616,-1,616,615,617,-1,616,617,618,-1,618,617,619,-1,618,619,620,-1,620,619,621,-1,620,621,622,-1,622,621,623,-1,622,623,624,-1,624,623,625,-1,624,625,626,-1,626,625,627,-1,628,626,629,-1,629,626,627,-1,630,631,632,-1,632,631,633,-1,633,631,634,-1,633,634,635,-1,635,634,636,-1,635,636,637,-1,637,636,638,-1,637,638,639,-1,639,638,640,-1,639,640,641,-1,641,640,642,-1,641,642,643,-1,643,642,644,-1,643,644,645,-1,646,645,647,-1,647,645,644,-1,648,632,639,-1,639,632,633,-1,639,633,637,-1,637,633,635,-1,628,648,626,-1,626,648,639,-1,626,639,624,-1,624,639,622,-1,594,598,595,-1,595,598,600,-1,595,600,649,-1,649,600,603,-1,649,603,650,-1,650,603,605,-1,650,605,651,-1,651,605,607,-1,651,607,652,-1,652,607,609,-1,652,609,653,-1,653,609,611,-1,653,611,646,-1,646,611,613,-1,646,613,645,-1,645,613,614,-1,645,614,643,-1,643,614,616,-1,643,616,641,-1,641,616,618,-1,641,618,639,-1,639,618,620,-1,639,620,622,-1,646,647,653,-1,653,647,654,-1,653,654,652,-1,652,654,655,-1,652,655,651,-1,651,655,656,-1,651,656,650,-1,650,656,657,-1,650,657,649,-1,649,657,658,-1,649,658,595,-1,595,658,597,-1,631,630,659,-1,634,631,636,-1,636,631,638,-1,627,625,638,-1,631,659,638,-1,638,659,629,-1,638,629,627,-1,625,623,638,-1,638,623,621,-1,638,621,640,-1,640,621,619,-1,640,619,642,-1,642,619,617,-1,642,617,644,-1,644,617,615,-1,644,615,647,-1,647,615,612,-1,647,612,654,-1,654,612,610,-1,654,610,655,-1,655,610,608,-1,655,608,656,-1,656,608,606,-1,656,606,657,-1,657,606,604,-1,657,604,658,-1,658,604,602,-1,658,602,597,-1,597,602,601,-1,597,601,596,-1,596,601,599,-1,660,661,662,-1,662,661,663,-1,664,660,665,-1,665,660,662,-1,666,664,667,-1,667,664,665,-1,666,667,668,-1,666,668,669,-1,669,668,670,-1,669,670,671,-1,671,670,672,-1,671,672,673,-1,673,672,674,-1,673,674,675,-1,675,674,676,-1,675,676,677,-1,677,676,678,-1,677,678,679,-1,680,679,681,-1,681,679,678,-1,680,681,682,-1,682,681,683,-1,682,683,684,-1,684,683,685,-1,684,685,686,-1,686,685,687,-1,686,687,688,-1,688,687,689,-1,688,689,690,-1,690,689,691,-1,690,691,692,-1,692,691,693,-1,694,692,695,-1,695,692,693,-1,696,697,698,-1,698,697,699,-1,699,697,700,-1,699,700,701,-1,701,700,702,-1,701,702,703,-1,703,702,704,-1,703,704,705,-1,705,704,706,-1,705,706,707,-1,707,706,708,-1,707,708,709,-1,709,708,710,-1,709,710,711,-1,712,711,713,-1,713,711,710,-1,714,698,705,-1,705,698,699,-1,705,699,703,-1,703,699,701,-1,694,714,692,-1,692,714,705,-1,692,705,690,-1,690,705,688,-1,660,664,661,-1,661,664,666,-1,661,666,715,-1,715,666,669,-1,715,669,716,-1,716,669,671,-1,716,671,717,-1,717,671,673,-1,717,673,718,-1,718,673,675,-1,718,675,719,-1,719,675,677,-1,719,677,712,-1,712,677,679,-1,712,679,711,-1,711,679,680,-1,711,680,709,-1,709,680,682,-1,709,682,707,-1,707,682,684,-1,707,684,705,-1,705,684,686,-1,705,686,688,-1,712,713,719,-1,719,713,720,-1,719,720,718,-1,718,720,721,-1,718,721,717,-1,717,721,722,-1,717,722,716,-1,716,722,723,-1,716,723,715,-1,715,723,724,-1,715,724,661,-1,661,724,663,-1,697,696,725,-1,700,697,702,-1,702,697,704,-1,693,691,704,-1,697,725,704,-1,704,725,695,-1,704,695,693,-1,691,689,704,-1,704,689,687,-1,704,687,706,-1,706,687,685,-1,706,685,708,-1,708,685,683,-1,708,683,710,-1,710,683,681,-1,710,681,713,-1,713,681,678,-1,713,678,720,-1,720,678,676,-1,720,676,721,-1,721,676,674,-1,721,674,722,-1,722,674,672,-1,722,672,723,-1,723,672,670,-1,723,670,724,-1,724,670,668,-1,724,668,663,-1,663,668,667,-1,663,667,662,-1,662,667,665,-1,726,727,728,-1,728,727,729,-1,730,726,731,-1,731,726,728,-1,732,730,733,-1,733,730,731,-1,732,733,734,-1,732,734,735,-1,735,734,736,-1,735,736,737,-1,737,736,738,-1,737,738,739,-1,739,738,740,-1,739,740,741,-1,741,740,742,-1,741,742,743,-1,743,742,744,-1,743,744,745,-1,746,745,747,-1,747,745,744,-1,746,747,748,-1,748,747,749,-1,748,749,750,-1,750,749,751,-1,750,751,752,-1,752,751,753,-1,752,753,754,-1,754,753,755,-1,754,755,756,-1,756,755,757,-1,756,757,758,-1,758,757,759,-1,760,758,761,-1,761,758,759,-1,762,763,764,-1,764,763,765,-1,765,763,766,-1,765,766,767,-1,767,766,768,-1,767,768,769,-1,769,768,770,-1,769,770,771,-1,771,770,772,-1,771,772,773,-1,773,772,774,-1,773,774,775,-1,775,774,776,-1,775,776,777,-1,778,777,779,-1,779,777,776,-1,780,764,771,-1,771,764,765,-1,771,765,769,-1,769,765,767,-1,760,780,758,-1,758,780,771,-1,758,771,756,-1,756,771,754,-1,726,730,727,-1,727,730,732,-1,727,732,781,-1,781,732,735,-1,781,735,782,-1,782,735,737,-1,782,737,783,-1,783,737,739,-1,783,739,784,-1,784,739,741,-1,784,741,785,-1,785,741,743,-1,785,743,778,-1,778,743,745,-1,778,745,777,-1,777,745,746,-1,777,746,775,-1,775,746,748,-1,775,748,773,-1,773,748,750,-1,773,750,771,-1,771,750,752,-1,771,752,754,-1,778,779,785,-1,785,779,786,-1,785,786,784,-1,784,786,787,-1,784,787,783,-1,783,787,788,-1,783,788,782,-1,782,788,789,-1,782,789,781,-1,781,789,790,-1,781,790,727,-1,727,790,729,-1,763,762,791,-1,766,763,768,-1,768,763,770,-1,759,757,770,-1,763,791,770,-1,770,791,761,-1,770,761,759,-1,757,755,770,-1,770,755,753,-1,770,753,772,-1,772,753,751,-1,772,751,774,-1,774,751,749,-1,774,749,776,-1,776,749,747,-1,776,747,779,-1,779,747,744,-1,779,744,786,-1,786,744,742,-1,786,742,787,-1,787,742,740,-1,787,740,788,-1,788,740,738,-1,788,738,789,-1,789,738,736,-1,789,736,790,-1,790,736,734,-1,790,734,729,-1,729,734,733,-1,729,733,728,-1,728,733,731,-1,792,793,794,-1,794,793,795,-1,793,796,795,-1,795,796,797,-1,796,798,797,-1,797,798,799,-1,800,801,802,-1,800,802,803,-1,803,802,804,-1,803,804,805,-1,805,804,806,-1,805,806,807,-1,807,806,808,-1,807,808,809,-1,809,808,810,-1,809,810,811,-1,811,810,799,-1,811,799,798,-1,800,812,801,-1,801,812,813,-1,814,815,816,-1,816,815,817,-1,816,817,818,-1,818,817,819,-1,818,819,820,-1,820,819,821,-1,820,821,822,-1,822,821,823,-1,822,823,824,-1,824,823,825,-1,824,825,812,-1,812,825,813,-1,814,826,815,-1,815,826,827,-1,828,829,830,-1,830,829,831,-1,832,833,834,-1,832,834,835,-1,835,834,836,-1,835,836,837,-1,837,836,838,-1,837,838,839,-1,839,838,840,-1,839,840,841,-1,841,840,842,-1,841,842,843,-1,843,842,828,-1,843,828,830,-1,832,844,833,-1,833,844,845,-1,830,831,846,-1,843,830,841,-1,841,830,839,-1,814,816,839,-1,830,846,839,-1,839,846,826,-1,839,826,814,-1,816,818,839,-1,839,818,820,-1,839,820,837,-1,837,820,822,-1,837,822,835,-1,835,822,824,-1,835,824,832,-1,832,824,812,-1,832,812,844,-1,844,812,800,-1,844,800,847,-1,847,800,803,-1,847,803,848,-1,848,803,805,-1,848,805,849,-1,849,805,807,-1,849,807,850,-1,850,807,809,-1,850,809,851,-1,851,809,811,-1,851,811,792,-1,792,811,798,-1,792,798,793,-1,793,798,796,-1,792,794,851,-1,851,794,852,-1,851,852,850,-1,850,852,853,-1,850,853,849,-1,849,853,854,-1,849,854,848,-1,848,854,855,-1,848,855,847,-1,847,855,856,-1,847,856,844,-1,844,856,845,-1,857,829,838,-1,838,829,828,-1,838,828,840,-1,840,828,842,-1,827,857,815,-1,815,857,838,-1,815,838,817,-1,817,838,819,-1,795,797,794,-1,794,797,799,-1,794,799,852,-1,852,799,810,-1,852,810,853,-1,853,810,808,-1,853,808,854,-1,854,808,806,-1,854,806,855,-1,855,806,804,-1,855,804,856,-1,856,804,802,-1,856,802,845,-1,845,802,801,-1,845,801,833,-1,833,801,813,-1,833,813,834,-1,834,813,825,-1,834,825,836,-1,836,825,823,-1,836,823,838,-1,838,823,821,-1,838,821,819,-1,858,859,860,-1,860,859,861,-1,859,862,861,-1,861,862,863,-1,862,864,863,-1,863,864,865,-1,866,867,868,-1,866,868,869,-1,869,868,870,-1,869,870,871,-1,871,870,872,-1,871,872,873,-1,873,872,874,-1,873,874,875,-1,875,874,876,-1,875,876,877,-1,877,876,865,-1,877,865,864,-1,866,878,867,-1,867,878,879,-1,880,881,882,-1,882,881,883,-1,882,883,884,-1,884,883,885,-1,884,885,886,-1,886,885,887,-1,886,887,888,-1,888,887,889,-1,888,889,890,-1,890,889,891,-1,890,891,878,-1,878,891,879,-1,880,892,881,-1,881,892,893,-1,894,895,896,-1,896,895,897,-1,898,899,900,-1,898,900,901,-1,901,900,902,-1,901,902,903,-1,903,902,904,-1,903,904,905,-1,905,904,906,-1,905,906,907,-1,907,906,908,-1,907,908,909,-1,909,908,894,-1,909,894,896,-1,898,910,899,-1,899,910,911,-1,896,897,912,-1,909,896,907,-1,907,896,905,-1,880,882,905,-1,896,912,905,-1,905,912,892,-1,905,892,880,-1,882,884,905,-1,905,884,886,-1,905,886,903,-1,903,886,888,-1,903,888,901,-1,901,888,890,-1,901,890,898,-1,898,890,878,-1,898,878,910,-1,910,878,866,-1,910,866,913,-1,913,866,869,-1,913,869,914,-1,914,869,871,-1,914,871,915,-1,915,871,873,-1,915,873,916,-1,916,873,875,-1,916,875,917,-1,917,875,877,-1,917,877,858,-1,858,877,864,-1,858,864,859,-1,859,864,862,-1,858,860,917,-1,917,860,918,-1,917,918,916,-1,916,918,919,-1,916,919,915,-1,915,919,920,-1,915,920,914,-1,914,920,921,-1,914,921,913,-1,913,921,922,-1,913,922,910,-1,910,922,911,-1,923,895,904,-1,904,895,894,-1,904,894,906,-1,906,894,908,-1,893,923,881,-1,881,923,904,-1,881,904,883,-1,883,904,885,-1,861,863,860,-1,860,863,865,-1,860,865,918,-1,918,865,876,-1,918,876,919,-1,919,876,874,-1,919,874,920,-1,920,874,872,-1,920,872,921,-1,921,872,870,-1,921,870,922,-1,922,870,868,-1,922,868,911,-1,911,868,867,-1,911,867,899,-1,899,867,879,-1,899,879,900,-1,900,879,891,-1,900,891,902,-1,902,891,889,-1,902,889,904,-1,904,889,887,-1,904,887,885,-1,924,925,926,-1,926,925,927,-1,925,928,927,-1,927,928,929,-1,928,930,929,-1,929,930,931,-1,932,933,934,-1,932,934,935,-1,935,934,936,-1,935,936,937,-1,937,936,938,-1,937,938,939,-1,939,938,940,-1,939,940,941,-1,941,940,942,-1,941,942,943,-1,943,942,931,-1,943,931,930,-1,932,944,933,-1,933,944,945,-1,946,947,948,-1,948,947,949,-1,948,949,950,-1,950,949,951,-1,950,951,952,-1,952,951,953,-1,952,953,954,-1,954,953,955,-1,954,955,956,-1,956,955,957,-1,956,957,944,-1,944,957,945,-1,946,958,947,-1,947,958,959,-1,960,961,962,-1,962,961,963,-1,964,965,966,-1,964,966,967,-1,967,966,968,-1,967,968,969,-1,969,968,970,-1,969,970,971,-1,971,970,972,-1,971,972,973,-1,973,972,974,-1,973,974,975,-1,975,974,960,-1,975,960,962,-1,964,976,965,-1,965,976,977,-1,962,963,978,-1,975,962,973,-1,973,962,971,-1,946,948,971,-1,962,978,971,-1,971,978,958,-1,971,958,946,-1,948,950,971,-1,971,950,952,-1,971,952,969,-1,969,952,954,-1,969,954,967,-1,967,954,956,-1,967,956,964,-1,964,956,944,-1,964,944,976,-1,976,944,932,-1,976,932,979,-1,979,932,935,-1,979,935,980,-1,980,935,937,-1,980,937,981,-1,981,937,939,-1,981,939,982,-1,982,939,941,-1,982,941,983,-1,983,941,943,-1,983,943,924,-1,924,943,930,-1,924,930,925,-1,925,930,928,-1,924,926,983,-1,983,926,984,-1,983,984,982,-1,982,984,985,-1,982,985,981,-1,981,985,986,-1,981,986,980,-1,980,986,987,-1,980,987,979,-1,979,987,988,-1,979,988,976,-1,976,988,977,-1,989,961,970,-1,970,961,960,-1,970,960,972,-1,972,960,974,-1,959,989,947,-1,947,989,970,-1,947,970,949,-1,949,970,951,-1,927,929,926,-1,926,929,931,-1,926,931,984,-1,984,931,942,-1,984,942,985,-1,985,942,940,-1,985,940,986,-1,986,940,938,-1,986,938,987,-1,987,938,936,-1,987,936,988,-1,988,936,934,-1,988,934,977,-1,977,934,933,-1,977,933,965,-1,965,933,945,-1,965,945,966,-1,966,945,957,-1,966,957,968,-1,968,957,955,-1,968,955,970,-1,970,955,953,-1,970,953,951,-1,990,991,992,-1,992,991,993,-1,991,994,993,-1,993,994,995,-1,994,996,995,-1,995,996,997,-1,998,999,1000,-1,998,1000,1001,-1,1001,1000,1002,-1,1001,1002,1003,-1,1003,1002,1004,-1,1003,1004,1005,-1,1005,1004,1006,-1,1005,1006,1007,-1,1007,1006,1008,-1,1007,1008,1009,-1,1009,1008,997,-1,1009,997,996,-1,998,1010,999,-1,999,1010,1011,-1,1012,1013,1014,-1,1014,1013,1015,-1,1014,1015,1016,-1,1016,1015,1017,-1,1016,1017,1018,-1,1018,1017,1019,-1,1018,1019,1020,-1,1020,1019,1021,-1,1020,1021,1022,-1,1022,1021,1023,-1,1022,1023,1010,-1,1010,1023,1011,-1,1012,1024,1013,-1,1013,1024,1025,-1,1026,1027,1028,-1,1028,1027,1029,-1,1030,1031,1032,-1,1030,1032,1033,-1,1033,1032,1034,-1,1033,1034,1035,-1,1035,1034,1036,-1,1035,1036,1037,-1,1037,1036,1038,-1,1037,1038,1039,-1,1039,1038,1040,-1,1039,1040,1041,-1,1041,1040,1026,-1,1041,1026,1028,-1,1030,1042,1031,-1,1031,1042,1043,-1,1028,1029,1044,-1,1041,1028,1039,-1,1039,1028,1037,-1,1012,1014,1037,-1,1028,1044,1037,-1,1037,1044,1024,-1,1037,1024,1012,-1,1014,1016,1037,-1,1037,1016,1018,-1,1037,1018,1035,-1,1035,1018,1020,-1,1035,1020,1033,-1,1033,1020,1022,-1,1033,1022,1030,-1,1030,1022,1010,-1,1030,1010,1042,-1,1042,1010,998,-1,1042,998,1045,-1,1045,998,1001,-1,1045,1001,1046,-1,1046,1001,1003,-1,1046,1003,1047,-1,1047,1003,1005,-1,1047,1005,1048,-1,1048,1005,1007,-1,1048,1007,1049,-1,1049,1007,1009,-1,1049,1009,990,-1,990,1009,996,-1,990,996,991,-1,991,996,994,-1,990,992,1049,-1,1049,992,1050,-1,1049,1050,1048,-1,1048,1050,1051,-1,1048,1051,1047,-1,1047,1051,1052,-1,1047,1052,1046,-1,1046,1052,1053,-1,1046,1053,1045,-1,1045,1053,1054,-1,1045,1054,1042,-1,1042,1054,1043,-1,1055,1027,1036,-1,1036,1027,1026,-1,1036,1026,1038,-1,1038,1026,1040,-1,1025,1055,1013,-1,1013,1055,1036,-1,1013,1036,1015,-1,1015,1036,1017,-1,993,995,992,-1,992,995,997,-1,992,997,1050,-1,1050,997,1008,-1,1050,1008,1051,-1,1051,1008,1006,-1,1051,1006,1052,-1,1052,1006,1004,-1,1052,1004,1053,-1,1053,1004,1002,-1,1053,1002,1054,-1,1054,1002,1000,-1,1054,1000,1043,-1,1043,1000,999,-1,1043,999,1031,-1,1031,999,1011,-1,1031,1011,1032,-1,1032,1011,1023,-1,1032,1023,1034,-1,1034,1023,1021,-1,1034,1021,1036,-1,1036,1021,1019,-1,1036,1019,1017,-1,1056,1057,1058,-1,1058,1057,1059,-1,1057,1060,1059,-1,1059,1060,1061,-1,1060,1062,1061,-1,1061,1062,1063,-1,1064,1065,1066,-1,1064,1066,1067,-1,1067,1066,1068,-1,1067,1068,1069,-1,1069,1068,1070,-1,1069,1070,1071,-1,1071,1070,1072,-1,1071,1072,1073,-1,1073,1072,1074,-1,1073,1074,1075,-1,1075,1074,1063,-1,1075,1063,1062,-1,1064,1076,1065,-1,1065,1076,1077,-1,1078,1079,1080,-1,1080,1079,1081,-1,1080,1081,1082,-1,1082,1081,1083,-1,1082,1083,1084,-1,1084,1083,1085,-1,1084,1085,1086,-1,1086,1085,1087,-1,1086,1087,1088,-1,1088,1087,1089,-1,1088,1089,1076,-1,1076,1089,1077,-1,1078,1090,1079,-1,1079,1090,1091,-1,1092,1093,1094,-1,1094,1093,1095,-1,1096,1097,1098,-1,1096,1098,1099,-1,1099,1098,1100,-1,1099,1100,1101,-1,1101,1100,1102,-1,1101,1102,1103,-1,1103,1102,1104,-1,1103,1104,1105,-1,1105,1104,1106,-1,1105,1106,1107,-1,1107,1106,1092,-1,1107,1092,1094,-1,1096,1108,1097,-1,1097,1108,1109,-1,1094,1095,1110,-1,1107,1094,1105,-1,1105,1094,1103,-1,1078,1080,1103,-1,1094,1110,1103,-1,1103,1110,1090,-1,1103,1090,1078,-1,1080,1082,1103,-1,1103,1082,1084,-1,1103,1084,1101,-1,1101,1084,1086,-1,1101,1086,1099,-1,1099,1086,1088,-1,1099,1088,1096,-1,1096,1088,1076,-1,1096,1076,1108,-1,1108,1076,1064,-1,1108,1064,1111,-1,1111,1064,1067,-1,1111,1067,1112,-1,1112,1067,1069,-1,1112,1069,1113,-1,1113,1069,1071,-1,1113,1071,1114,-1,1114,1071,1073,-1,1114,1073,1115,-1,1115,1073,1075,-1,1115,1075,1056,-1,1056,1075,1062,-1,1056,1062,1057,-1,1057,1062,1060,-1,1056,1058,1115,-1,1115,1058,1116,-1,1115,1116,1114,-1,1114,1116,1117,-1,1114,1117,1113,-1,1113,1117,1118,-1,1113,1118,1112,-1,1112,1118,1119,-1,1112,1119,1111,-1,1111,1119,1120,-1,1111,1120,1108,-1,1108,1120,1109,-1,1121,1093,1102,-1,1102,1093,1092,-1,1102,1092,1104,-1,1104,1092,1106,-1,1091,1121,1079,-1,1079,1121,1102,-1,1079,1102,1081,-1,1081,1102,1083,-1,1059,1061,1058,-1,1058,1061,1063,-1,1058,1063,1116,-1,1116,1063,1074,-1,1116,1074,1117,-1,1117,1074,1072,-1,1117,1072,1118,-1,1118,1072,1070,-1,1118,1070,1119,-1,1119,1070,1068,-1,1119,1068,1120,-1,1120,1068,1066,-1,1120,1066,1109,-1,1109,1066,1065,-1,1109,1065,1097,-1,1097,1065,1077,-1,1097,1077,1098,-1,1098,1077,1089,-1,1098,1089,1100,-1,1100,1089,1087,-1,1100,1087,1102,-1,1102,1087,1085,-1,1102,1085,1083,-1,1122,1123,1124,-1,1124,1123,1125,-1,1123,1126,1125,-1,1125,1126,1127,-1,1126,1128,1127,-1,1127,1128,1129,-1,1130,1131,1132,-1,1130,1132,1133,-1,1133,1132,1134,-1,1133,1134,1135,-1,1135,1134,1136,-1,1135,1136,1137,-1,1137,1136,1138,-1,1137,1138,1139,-1,1139,1138,1140,-1,1139,1140,1141,-1,1141,1140,1129,-1,1141,1129,1128,-1,1130,1142,1131,-1,1131,1142,1143,-1,1144,1145,1146,-1,1146,1145,1147,-1,1146,1147,1148,-1,1148,1147,1149,-1,1148,1149,1150,-1,1150,1149,1151,-1,1150,1151,1152,-1,1152,1151,1153,-1,1152,1153,1154,-1,1154,1153,1155,-1,1154,1155,1142,-1,1142,1155,1143,-1,1144,1156,1145,-1,1145,1156,1157,-1,1158,1159,1160,-1,1160,1159,1161,-1,1162,1163,1164,-1,1162,1164,1165,-1,1165,1164,1166,-1,1165,1166,1167,-1,1167,1166,1168,-1,1167,1168,1169,-1,1169,1168,1170,-1,1169,1170,1171,-1,1171,1170,1172,-1,1171,1172,1173,-1,1173,1172,1158,-1,1173,1158,1160,-1,1162,1174,1163,-1,1163,1174,1175,-1,1160,1161,1176,-1,1173,1160,1171,-1,1171,1160,1169,-1,1144,1146,1169,-1,1160,1176,1169,-1,1169,1176,1156,-1,1169,1156,1144,-1,1146,1148,1169,-1,1169,1148,1150,-1,1169,1150,1167,-1,1167,1150,1152,-1,1167,1152,1165,-1,1165,1152,1154,-1,1165,1154,1162,-1,1162,1154,1142,-1,1162,1142,1174,-1,1174,1142,1130,-1,1174,1130,1177,-1,1177,1130,1133,-1,1177,1133,1178,-1,1178,1133,1135,-1,1178,1135,1179,-1,1179,1135,1137,-1,1179,1137,1180,-1,1180,1137,1139,-1,1180,1139,1181,-1,1181,1139,1141,-1,1181,1141,1122,-1,1122,1141,1128,-1,1122,1128,1123,-1,1123,1128,1126,-1,1122,1124,1181,-1,1181,1124,1182,-1,1181,1182,1180,-1,1180,1182,1183,-1,1180,1183,1179,-1,1179,1183,1184,-1,1179,1184,1178,-1,1178,1184,1185,-1,1178,1185,1177,-1,1177,1185,1186,-1,1177,1186,1174,-1,1174,1186,1175,-1,1187,1159,1168,-1,1168,1159,1158,-1,1168,1158,1170,-1,1170,1158,1172,-1,1157,1187,1145,-1,1145,1187,1168,-1,1145,1168,1147,-1,1147,1168,1149,-1,1125,1127,1124,-1,1124,1127,1129,-1,1124,1129,1182,-1,1182,1129,1140,-1,1182,1140,1183,-1,1183,1140,1138,-1,1183,1138,1184,-1,1184,1138,1136,-1,1184,1136,1185,-1,1185,1136,1134,-1,1185,1134,1186,-1,1186,1134,1132,-1,1186,1132,1175,-1,1175,1132,1131,-1,1175,1131,1163,-1,1163,1131,1143,-1,1163,1143,1164,-1,1164,1143,1155,-1,1164,1155,1166,-1,1166,1155,1153,-1,1166,1153,1168,-1,1168,1153,1151,-1,1168,1151,1149,-1,1188,1189,1190,-1,1190,1189,1191,-1,1189,1192,1191,-1,1191,1192,1193,-1,1192,1194,1193,-1,1193,1194,1195,-1,1196,1197,1198,-1,1196,1198,1199,-1,1199,1198,1200,-1,1199,1200,1201,-1,1201,1200,1202,-1,1201,1202,1203,-1,1203,1202,1204,-1,1203,1204,1205,-1,1205,1204,1206,-1,1205,1206,1207,-1,1207,1206,1195,-1,1207,1195,1194,-1,1196,1208,1197,-1,1197,1208,1209,-1,1210,1211,1212,-1,1212,1211,1213,-1,1212,1213,1214,-1,1214,1213,1215,-1,1214,1215,1216,-1,1216,1215,1217,-1,1216,1217,1218,-1,1218,1217,1219,-1,1218,1219,1220,-1,1220,1219,1221,-1,1220,1221,1208,-1,1208,1221,1209,-1,1210,1222,1211,-1,1211,1222,1223,-1,1224,1225,1226,-1,1226,1225,1227,-1,1228,1229,1230,-1,1228,1230,1231,-1,1231,1230,1232,-1,1231,1232,1233,-1,1233,1232,1234,-1,1233,1234,1235,-1,1235,1234,1236,-1,1235,1236,1237,-1,1237,1236,1238,-1,1237,1238,1239,-1,1239,1238,1224,-1,1239,1224,1226,-1,1228,1240,1229,-1,1229,1240,1241,-1,1226,1227,1242,-1,1239,1226,1237,-1,1237,1226,1235,-1,1210,1212,1235,-1,1226,1242,1235,-1,1235,1242,1222,-1,1235,1222,1210,-1,1212,1214,1235,-1,1235,1214,1216,-1,1235,1216,1233,-1,1233,1216,1218,-1,1233,1218,1231,-1,1231,1218,1220,-1,1231,1220,1228,-1,1228,1220,1208,-1,1228,1208,1240,-1,1240,1208,1196,-1,1240,1196,1243,-1,1243,1196,1199,-1,1243,1199,1244,-1,1244,1199,1201,-1,1244,1201,1245,-1,1245,1201,1203,-1,1245,1203,1246,-1,1246,1203,1205,-1,1246,1205,1247,-1,1247,1205,1207,-1,1247,1207,1188,-1,1188,1207,1194,-1,1188,1194,1189,-1,1189,1194,1192,-1,1188,1190,1247,-1,1247,1190,1248,-1,1247,1248,1246,-1,1246,1248,1249,-1,1246,1249,1245,-1,1245,1249,1250,-1,1245,1250,1244,-1,1244,1250,1251,-1,1244,1251,1243,-1,1243,1251,1252,-1,1243,1252,1240,-1,1240,1252,1241,-1,1253,1225,1234,-1,1234,1225,1224,-1,1234,1224,1236,-1,1236,1224,1238,-1,1223,1253,1211,-1,1211,1253,1234,-1,1211,1234,1213,-1,1213,1234,1215,-1,1191,1193,1190,-1,1190,1193,1195,-1,1190,1195,1248,-1,1248,1195,1206,-1,1248,1206,1249,-1,1249,1206,1204,-1,1249,1204,1250,-1,1250,1204,1202,-1,1250,1202,1251,-1,1251,1202,1200,-1,1251,1200,1252,-1,1252,1200,1198,-1,1252,1198,1241,-1,1241,1198,1197,-1,1241,1197,1229,-1,1229,1197,1209,-1,1229,1209,1230,-1,1230,1209,1221,-1,1230,1221,1232,-1,1232,1221,1219,-1,1232,1219,1234,-1,1234,1219,1217,-1,1234,1217,1215,-1,1254,1255,1256,-1,1256,1255,1257,-1,1255,1258,1257,-1,1257,1258,1259,-1,1258,1260,1259,-1,1259,1260,1261,-1,1262,1263,1264,-1,1262,1264,1265,-1,1265,1264,1266,-1,1265,1266,1267,-1,1267,1266,1268,-1,1267,1268,1269,-1,1269,1268,1270,-1,1269,1270,1271,-1,1271,1270,1272,-1,1271,1272,1273,-1,1273,1272,1261,-1,1273,1261,1260,-1,1262,1274,1263,-1,1263,1274,1275,-1,1276,1277,1278,-1,1278,1277,1279,-1,1278,1279,1280,-1,1280,1279,1281,-1,1280,1281,1282,-1,1282,1281,1283,-1,1282,1283,1284,-1,1284,1283,1285,-1,1284,1285,1286,-1,1286,1285,1287,-1,1286,1287,1274,-1,1274,1287,1275,-1,1276,1288,1277,-1,1277,1288,1289,-1,1290,1291,1292,-1,1292,1291,1293,-1,1294,1295,1296,-1,1294,1296,1297,-1,1297,1296,1298,-1,1297,1298,1299,-1,1299,1298,1300,-1,1299,1300,1301,-1,1301,1300,1302,-1,1301,1302,1303,-1,1303,1302,1304,-1,1303,1304,1305,-1,1305,1304,1290,-1,1305,1290,1292,-1,1294,1306,1295,-1,1295,1306,1307,-1,1292,1293,1308,-1,1305,1292,1303,-1,1303,1292,1301,-1,1276,1278,1301,-1,1292,1308,1301,-1,1301,1308,1288,-1,1301,1288,1276,-1,1278,1280,1301,-1,1301,1280,1282,-1,1301,1282,1299,-1,1299,1282,1284,-1,1299,1284,1297,-1,1297,1284,1286,-1,1297,1286,1294,-1,1294,1286,1274,-1,1294,1274,1306,-1,1306,1274,1262,-1,1306,1262,1309,-1,1309,1262,1265,-1,1309,1265,1310,-1,1310,1265,1267,-1,1310,1267,1311,-1,1311,1267,1269,-1,1311,1269,1312,-1,1312,1269,1271,-1,1312,1271,1313,-1,1313,1271,1273,-1,1313,1273,1254,-1,1254,1273,1260,-1,1254,1260,1255,-1,1255,1260,1258,-1,1254,1256,1313,-1,1313,1256,1314,-1,1313,1314,1312,-1,1312,1314,1315,-1,1312,1315,1311,-1,1311,1315,1316,-1,1311,1316,1310,-1,1310,1316,1317,-1,1310,1317,1309,-1,1309,1317,1318,-1,1309,1318,1306,-1,1306,1318,1307,-1,1319,1291,1300,-1,1300,1291,1290,-1,1300,1290,1302,-1,1302,1290,1304,-1,1289,1319,1277,-1,1277,1319,1300,-1,1277,1300,1279,-1,1279,1300,1281,-1,1257,1259,1256,-1,1256,1259,1261,-1,1256,1261,1314,-1,1314,1261,1272,-1,1314,1272,1315,-1,1315,1272,1270,-1,1315,1270,1316,-1,1316,1270,1268,-1,1316,1268,1317,-1,1317,1268,1266,-1,1317,1266,1318,-1,1318,1266,1264,-1,1318,1264,1307,-1,1307,1264,1263,-1,1307,1263,1295,-1,1295,1263,1275,-1,1295,1275,1296,-1,1296,1275,1287,-1,1296,1287,1298,-1,1298,1287,1285,-1,1298,1285,1300,-1,1300,1285,1283,-1,1300,1283,1281,-1,1320,1321,1322,-1,1322,1321,1323,-1,1321,1324,1323,-1,1323,1324,1325,-1,1324,1326,1325,-1,1325,1326,1327,-1,1328,1329,1330,-1,1328,1330,1331,-1,1331,1330,1332,-1,1331,1332,1333,-1,1333,1332,1334,-1,1333,1334,1335,-1,1335,1334,1336,-1,1335,1336,1337,-1,1337,1336,1338,-1,1337,1338,1339,-1,1339,1338,1327,-1,1339,1327,1326,-1,1328,1340,1329,-1,1329,1340,1341,-1,1342,1343,1344,-1,1344,1343,1345,-1,1344,1345,1346,-1,1346,1345,1347,-1,1346,1347,1348,-1,1348,1347,1349,-1,1348,1349,1350,-1,1350,1349,1351,-1,1350,1351,1352,-1,1352,1351,1353,-1,1352,1353,1340,-1,1340,1353,1341,-1,1342,1354,1343,-1,1343,1354,1355,-1,1356,1357,1358,-1,1358,1357,1359,-1,1360,1361,1362,-1,1360,1362,1363,-1,1363,1362,1364,-1,1363,1364,1365,-1,1365,1364,1366,-1,1365,1366,1367,-1,1367,1366,1368,-1,1367,1368,1369,-1,1369,1368,1370,-1,1369,1370,1371,-1,1371,1370,1356,-1,1371,1356,1358,-1,1360,1372,1361,-1,1361,1372,1373,-1,1358,1359,1374,-1,1371,1358,1369,-1,1369,1358,1367,-1,1342,1344,1367,-1,1358,1374,1367,-1,1367,1374,1354,-1,1367,1354,1342,-1,1344,1346,1367,-1,1367,1346,1348,-1,1367,1348,1365,-1,1365,1348,1350,-1,1365,1350,1363,-1,1363,1350,1352,-1,1363,1352,1360,-1,1360,1352,1340,-1,1360,1340,1372,-1,1372,1340,1328,-1,1372,1328,1375,-1,1375,1328,1331,-1,1375,1331,1376,-1,1376,1331,1333,-1,1376,1333,1377,-1,1377,1333,1335,-1,1377,1335,1378,-1,1378,1335,1337,-1,1378,1337,1379,-1,1379,1337,1339,-1,1379,1339,1320,-1,1320,1339,1326,-1,1320,1326,1321,-1,1321,1326,1324,-1,1320,1322,1379,-1,1379,1322,1380,-1,1379,1380,1378,-1,1378,1380,1381,-1,1378,1381,1377,-1,1377,1381,1382,-1,1377,1382,1376,-1,1376,1382,1383,-1,1376,1383,1375,-1,1375,1383,1384,-1,1375,1384,1372,-1,1372,1384,1373,-1,1385,1357,1366,-1,1366,1357,1356,-1,1366,1356,1368,-1,1368,1356,1370,-1,1355,1385,1343,-1,1343,1385,1366,-1,1343,1366,1345,-1,1345,1366,1347,-1,1323,1325,1322,-1,1322,1325,1327,-1,1322,1327,1380,-1,1380,1327,1338,-1,1380,1338,1381,-1,1381,1338,1336,-1,1381,1336,1382,-1,1382,1336,1334,-1,1382,1334,1383,-1,1383,1334,1332,-1,1383,1332,1384,-1,1384,1332,1330,-1,1384,1330,1373,-1,1373,1330,1329,-1,1373,1329,1361,-1,1361,1329,1341,-1,1361,1341,1362,-1,1362,1341,1353,-1,1362,1353,1364,-1,1364,1353,1351,-1,1364,1351,1366,-1,1366,1351,1349,-1,1366,1349,1347,-1,1386,1387,1388,-1,1388,1387,1389,-1,1387,1390,1389,-1,1389,1390,1391,-1,1390,1392,1391,-1,1391,1392,1393,-1,1394,1395,1396,-1,1394,1396,1397,-1,1397,1396,1398,-1,1397,1398,1399,-1,1399,1398,1400,-1,1399,1400,1401,-1,1401,1400,1402,-1,1401,1402,1403,-1,1403,1402,1404,-1,1403,1404,1405,-1,1405,1404,1393,-1,1405,1393,1392,-1,1394,1406,1395,-1,1395,1406,1407,-1,1408,1409,1410,-1,1410,1409,1411,-1,1410,1411,1412,-1,1412,1411,1413,-1,1412,1413,1414,-1,1414,1413,1415,-1,1414,1415,1416,-1,1416,1415,1417,-1,1416,1417,1418,-1,1418,1417,1419,-1,1418,1419,1406,-1,1406,1419,1407,-1,1408,1420,1409,-1,1409,1420,1421,-1,1422,1423,1424,-1,1424,1423,1425,-1,1426,1427,1428,-1,1426,1428,1429,-1,1429,1428,1430,-1,1429,1430,1431,-1,1431,1430,1432,-1,1431,1432,1433,-1,1433,1432,1434,-1,1433,1434,1435,-1,1435,1434,1436,-1,1435,1436,1437,-1,1437,1436,1422,-1,1437,1422,1424,-1,1426,1438,1427,-1,1427,1438,1439,-1,1424,1425,1440,-1,1437,1424,1435,-1,1435,1424,1433,-1,1408,1410,1433,-1,1424,1440,1433,-1,1433,1440,1420,-1,1433,1420,1408,-1,1410,1412,1433,-1,1433,1412,1414,-1,1433,1414,1431,-1,1431,1414,1416,-1,1431,1416,1429,-1,1429,1416,1418,-1,1429,1418,1426,-1,1426,1418,1406,-1,1426,1406,1438,-1,1438,1406,1394,-1,1438,1394,1441,-1,1441,1394,1397,-1,1441,1397,1442,-1,1442,1397,1399,-1,1442,1399,1443,-1,1443,1399,1401,-1,1443,1401,1444,-1,1444,1401,1403,-1,1444,1403,1445,-1,1445,1403,1405,-1,1445,1405,1386,-1,1386,1405,1392,-1,1386,1392,1387,-1,1387,1392,1390,-1,1386,1388,1445,-1,1445,1388,1446,-1,1445,1446,1444,-1,1444,1446,1447,-1,1444,1447,1443,-1,1443,1447,1448,-1,1443,1448,1442,-1,1442,1448,1449,-1,1442,1449,1441,-1,1441,1449,1450,-1,1441,1450,1438,-1,1438,1450,1439,-1,1451,1423,1432,-1,1432,1423,1422,-1,1432,1422,1434,-1,1434,1422,1436,-1,1421,1451,1409,-1,1409,1451,1432,-1,1409,1432,1411,-1,1411,1432,1413,-1,1389,1391,1388,-1,1388,1391,1393,-1,1388,1393,1446,-1,1446,1393,1404,-1,1446,1404,1447,-1,1447,1404,1402,-1,1447,1402,1448,-1,1448,1402,1400,-1,1448,1400,1449,-1,1449,1400,1398,-1,1449,1398,1450,-1,1450,1398,1396,-1,1450,1396,1439,-1,1439,1396,1395,-1,1439,1395,1427,-1,1427,1395,1407,-1,1427,1407,1428,-1,1428,1407,1419,-1,1428,1419,1430,-1,1430,1419,1417,-1,1430,1417,1432,-1,1432,1417,1415,-1,1432,1415,1413,-1,1452,1453,1454,-1,1454,1453,1455,-1,1453,1456,1455,-1,1455,1456,1457,-1,1456,1458,1457,-1,1457,1458,1459,-1,1460,1461,1462,-1,1460,1462,1463,-1,1463,1462,1464,-1,1463,1464,1465,-1,1465,1464,1466,-1,1465,1466,1467,-1,1467,1466,1468,-1,1467,1468,1469,-1,1469,1468,1470,-1,1469,1470,1471,-1,1471,1470,1459,-1,1471,1459,1458,-1,1460,1472,1461,-1,1461,1472,1473,-1,1474,1475,1476,-1,1476,1475,1477,-1,1476,1477,1478,-1,1478,1477,1479,-1,1478,1479,1480,-1,1480,1479,1481,-1,1480,1481,1482,-1,1482,1481,1483,-1,1482,1483,1484,-1,1484,1483,1485,-1,1484,1485,1472,-1,1472,1485,1473,-1,1474,1486,1475,-1,1475,1486,1487,-1,1488,1489,1490,-1,1490,1489,1491,-1,1492,1493,1494,-1,1492,1494,1495,-1,1495,1494,1496,-1,1495,1496,1497,-1,1497,1496,1498,-1,1497,1498,1499,-1,1499,1498,1500,-1,1499,1500,1501,-1,1501,1500,1502,-1,1501,1502,1503,-1,1503,1502,1488,-1,1503,1488,1490,-1,1492,1504,1493,-1,1493,1504,1505,-1,1490,1491,1506,-1,1503,1490,1501,-1,1501,1490,1499,-1,1474,1476,1499,-1,1490,1506,1499,-1,1499,1506,1486,-1,1499,1486,1474,-1,1476,1478,1499,-1,1499,1478,1480,-1,1499,1480,1497,-1,1497,1480,1482,-1,1497,1482,1495,-1,1495,1482,1484,-1,1495,1484,1492,-1,1492,1484,1472,-1,1492,1472,1504,-1,1504,1472,1460,-1,1504,1460,1507,-1,1507,1460,1463,-1,1507,1463,1508,-1,1508,1463,1465,-1,1508,1465,1509,-1,1509,1465,1467,-1,1509,1467,1510,-1,1510,1467,1469,-1,1510,1469,1511,-1,1511,1469,1471,-1,1511,1471,1452,-1,1452,1471,1458,-1,1452,1458,1453,-1,1453,1458,1456,-1,1452,1454,1511,-1,1511,1454,1512,-1,1511,1512,1510,-1,1510,1512,1513,-1,1510,1513,1509,-1,1509,1513,1514,-1,1509,1514,1508,-1,1508,1514,1515,-1,1508,1515,1507,-1,1507,1515,1516,-1,1507,1516,1504,-1,1504,1516,1505,-1,1517,1489,1498,-1,1498,1489,1488,-1,1498,1488,1500,-1,1500,1488,1502,-1,1487,1517,1475,-1,1475,1517,1498,-1,1475,1498,1477,-1,1477,1498,1479,-1,1455,1457,1454,-1,1454,1457,1459,-1,1454,1459,1512,-1,1512,1459,1470,-1,1512,1470,1513,-1,1513,1470,1468,-1,1513,1468,1514,-1,1514,1468,1466,-1,1514,1466,1515,-1,1515,1466,1464,-1,1515,1464,1516,-1,1516,1464,1462,-1,1516,1462,1505,-1,1505,1462,1461,-1,1505,1461,1493,-1,1493,1461,1473,-1,1493,1473,1494,-1,1494,1473,1485,-1,1494,1485,1496,-1,1496,1485,1483,-1,1496,1483,1498,-1,1498,1483,1481,-1,1498,1481,1479,-1,1518,1519,1520,-1,1520,1519,1521,-1,1519,1522,1521,-1,1521,1522,1523,-1,1522,1524,1523,-1,1523,1524,1525,-1,1526,1527,1528,-1,1526,1528,1529,-1,1529,1528,1530,-1,1529,1530,1531,-1,1531,1530,1532,-1,1531,1532,1533,-1,1533,1532,1534,-1,1533,1534,1535,-1,1535,1534,1536,-1,1535,1536,1537,-1,1537,1536,1525,-1,1537,1525,1524,-1,1526,1538,1527,-1,1527,1538,1539,-1,1540,1541,1542,-1,1542,1541,1543,-1,1542,1543,1544,-1,1544,1543,1545,-1,1544,1545,1546,-1,1546,1545,1547,-1,1546,1547,1548,-1,1548,1547,1549,-1,1548,1549,1550,-1,1550,1549,1551,-1,1550,1551,1538,-1,1538,1551,1539,-1,1540,1552,1541,-1,1541,1552,1553,-1,1554,1555,1556,-1,1556,1555,1557,-1,1558,1559,1560,-1,1558,1560,1561,-1,1561,1560,1562,-1,1561,1562,1563,-1,1563,1562,1564,-1,1563,1564,1565,-1,1565,1564,1566,-1,1565,1566,1567,-1,1567,1566,1568,-1,1567,1568,1569,-1,1569,1568,1554,-1,1569,1554,1556,-1,1558,1570,1559,-1,1559,1570,1571,-1,1556,1557,1572,-1,1569,1556,1567,-1,1567,1556,1565,-1,1540,1542,1565,-1,1556,1572,1565,-1,1565,1572,1552,-1,1565,1552,1540,-1,1542,1544,1565,-1,1565,1544,1546,-1,1565,1546,1563,-1,1563,1546,1548,-1,1563,1548,1561,-1,1561,1548,1550,-1,1561,1550,1558,-1,1558,1550,1538,-1,1558,1538,1570,-1,1570,1538,1526,-1,1570,1526,1573,-1,1573,1526,1529,-1,1573,1529,1574,-1,1574,1529,1531,-1,1574,1531,1575,-1,1575,1531,1533,-1,1575,1533,1576,-1,1576,1533,1535,-1,1576,1535,1577,-1,1577,1535,1537,-1,1577,1537,1518,-1,1518,1537,1524,-1,1518,1524,1519,-1,1519,1524,1522,-1,1518,1520,1577,-1,1577,1520,1578,-1,1577,1578,1576,-1,1576,1578,1579,-1,1576,1579,1575,-1,1575,1579,1580,-1,1575,1580,1574,-1,1574,1580,1581,-1,1574,1581,1573,-1,1573,1581,1582,-1,1573,1582,1570,-1,1570,1582,1571,-1,1583,1555,1564,-1,1564,1555,1554,-1,1564,1554,1566,-1,1566,1554,1568,-1,1553,1583,1541,-1,1541,1583,1564,-1,1541,1564,1543,-1,1543,1564,1545,-1,1521,1523,1520,-1,1520,1523,1525,-1,1520,1525,1578,-1,1578,1525,1536,-1,1578,1536,1579,-1,1579,1536,1534,-1,1579,1534,1580,-1,1580,1534,1532,-1,1580,1532,1581,-1,1581,1532,1530,-1,1581,1530,1582,-1,1582,1530,1528,-1,1582,1528,1571,-1,1571,1528,1527,-1,1571,1527,1559,-1,1559,1527,1539,-1,1559,1539,1560,-1,1560,1539,1551,-1,1560,1551,1562,-1,1562,1551,1549,-1,1562,1549,1564,-1,1564,1549,1547,-1,1564,1547,1545,-1,
        ]
    }
}
Shape{
    appearance Appearance {
        material  Material {
            diffuseColor 0.0 0.0 0.0
            specularColor 0.0 0.0 0.0
            ambientIntensity 0.0
            transparency 0.0
            shininess 0.5
        }
    }
    geometry IndexedFaceSet {
        ccw TRUE
        solid FALSE
        coord DEF co Coordinate {
            point [
                -1.1285 0.7408 0.0398, -1.1592 0.6621 0.0398, -1.1285 0.7408 0.0394, -1.1592 0.6621 0.0394, -1.1477 0.6621 0.0398, -1.1477 0.6621 0.0394, -1.1398 0.6842 0.0398, -1.1398 0.6842 0.0394, -1.1072 0.6842 0.0398, -1.1072 0.6842 0.0394, -1.0997 0.6621 0.0398, -1.0997 0.6621 0.0394, -1.0882 0.6621 0.0398, -1.0882 0.6621 0.0394, -1.118 0.7408 0.0398, -1.118 0.7408 0.0394, -1.1099 0.6928 0.0398, -1.1362 0.6928 0.0398, -1.1216 0.7257 0.0398, -1.1224 0.7284 0.0398, -1.1229 0.7312 0.0398, -1.1231 0.7312 0.0398, -1.1237 0.7284 0.0398, -1.1244 0.7257 0.0398, -1.1099 0.6928 0.0394, -1.1362 0.6928 0.0394, -1.1216 0.7257 0.0394, -1.1224 0.7284 0.0394, -1.1229 0.7312 0.0394, -1.1231 0.7312 0.0394, -1.1237 0.7284 0.0394, -1.1244 0.7257 0.0394, -1.0405 0.6621 0.0398, -1.019 0.6621 0.0398, -1.0405 0.6621 0.0394, -1.019 0.6621 0.0394, -1.019 0.7408 0.0398, -1.019 0.7408 0.0394, -1.0413 0.7408 0.0398, -1.0413 0.7408 0.0394, -1.0824 0.7024 0.0398, -1.0824 0.7024 0.0394, -1.0818 0.7098 0.0394, -1.0818 0.7098 0.0398, -1.0797 0.7176 0.0394, -1.0797 0.7176 0.0398, -1.0761 0.7244 0.0394, -1.0761 0.7244 0.0398, -1.0705 0.7305 0.0394, -1.0705 0.7305 0.0398, -1.0704 0.7306 0.0394, -1.0704 0.7306 0.0398, -1.0619 0.7364 0.0394, -1.0619 0.7364 0.0398, -1.0526 0.7396 0.0394, -1.0526 0.7396 0.0398, -1.0502 0.6629 0.0394, -1.0502 0.6629 0.0398, -1.0593 0.6656 0.0394, -1.0593 0.6656 0.0398, -1.0675 0.6704 0.0394, -1.0675 0.6704 0.0398, -1.074 0.6766 0.0394, -1.074 0.6766 0.0398, -1.0785 0.6836 0.0394, -1.0785 0.6836 0.0398, -1.0813 0.6919 0.0394, -1.0813 0.6919 0.0398, -1.0666 0.7211 0.0398, -1.0628 0.7252 0.0398, -1.057 0.7289 0.0398, -1.0505 0.7312 0.0398, -1.0412 0.7322 0.0398, -1.0296 0.7322 0.0398, -1.0296 0.6707 0.0398, -1.0408 0.6707 0.0398, -1.0491 0.6715 0.0398, -1.0557 0.6736 0.0398, -1.0611 0.6767 0.0398, -1.0655 0.6811 0.0398, -1.0688 0.6865 0.0398, -1.0711 0.6939 0.0398, -1.0719 0.7022 0.0398, -1.0712 0.71 0.0398, -1.0694 0.7163 0.0398, -1.0412 0.7322 0.0394, -1.0296 0.7322 0.0394, -1.0505 0.7312 0.0394, -1.057 0.7289 0.0394, -1.0628 0.7252 0.0394, -1.0666 0.7211 0.0394, -1.0694 0.7163 0.0394, -1.0712 0.71 0.0394, -1.0719 0.7022 0.0394, -1.0711 0.6939 0.0394, -1.0688 0.6865 0.0394, -1.0655 0.6811 0.0394, -1.0611 0.6767 0.0394, -1.0557 0.6736 0.0394, -1.0491 0.6715 0.0394, -1.0408 0.6707 0.0394, -1.0296 0.6707 0.0394, -1.0037 0.6707 0.0398, -1.0037 0.6621 0.0398, -1.0037 0.6707 0.0394, -1.0037 0.6621 0.0394, -0.9614 0.6621 0.0398, -0.9614 0.6621 0.0394, -0.9614 0.7408 0.0398, -0.9614 0.7408 0.0394, -1.0018 0.7408 0.0398, -1.0018 0.7408 0.0394, -1.0018 0.7322 0.0398, -1.0018 0.7322 0.0394, -0.972 0.7322 0.0398, -0.972 0.7322 0.0394, -0.972 0.7062 0.0398, -0.972 0.7062 0.0394, -0.9998 0.7062 0.0398, -0.9998 0.7062 0.0394, -0.9998 0.6976 0.0398, -0.9998 0.6976 0.0394, -0.972 0.6976 0.0398, -0.972 0.6976 0.0394, -0.972 0.6707 0.0398, -0.972 0.6707 0.0394, -0.9461 0.6748 0.0398, -0.9461 0.6661 0.0398, -0.9461 0.6748 0.0394, -0.9461 0.6661 0.0394, -0.9377 0.6627 0.0398, -0.9244 0.6611 0.0398, -0.9244 0.6611 0.0394, -0.9266 0.6611 0.0394, -0.9266 0.6611 0.0398, -0.9297 0.6616 0.0394, -0.9377 0.6627 0.0394, -0.9198 0.6616 0.0394, -0.9147 0.6621 0.0398, -0.9147 0.6621 0.0394, -0.9071 0.6647 0.0398, -0.9071 0.6647 0.0394, -0.9007 0.6688 0.0398, -0.9007 0.6688 0.0394, -0.8948 0.675 0.0398, -0.8948 0.675 0.0394, -0.8906 0.6825 0.0398, -0.8906 0.6825 0.0394, -0.8883 0.6908 0.0398, -0.8883 0.6908 0.0394, -0.8875 0.7 0.0398, -0.8875 0.7 0.0394, -0.9196 0.7411 0.0398, -0.9275 0.7418 0.0398, -0.9217 0.7413 0.0394, -0.9275 0.7418 0.0394, -0.9196 0.7411 0.0394, -0.9109 0.7386 0.0394, -0.9109 0.7386 0.0398, -0.9034 0.7343 0.0394, -0.9034 0.7343 0.0398, -0.8963 0.7274 0.0394, -0.8963 0.7274 0.0398, -0.8916 0.7201 0.0394, -0.8916 0.7201 0.0398, -0.8886 0.7111 0.0394, -0.8886 0.7111 0.0398, -0.9345 0.7413 0.0394, -0.937 0.7411 0.0398, -0.937 0.7411 0.0394, -0.9461 0.7386 0.0398, -0.9461 0.7386 0.0394, -0.9461 0.7281 0.0398, -0.9461 0.7281 0.0394, -0.9276 0.7331 0.0398, -0.9276 0.7331 0.0394, -0.9372 0.7319 0.0394, -0.9372 0.7319 0.0398, -0.8981 0.7006 0.0398, -0.8981 0.7006 0.0394, -0.8984 0.7067 0.0394, -0.8984 0.7067 0.0398, -0.9005 0.7152 0.0394, -0.9005 0.7152 0.0398, -0.9038 0.7212 0.0394, -0.9038 0.7212 0.0398, -0.9085 0.7265 0.0394, -0.9085 0.7265 0.0398, -0.914 0.7301 0.0394, -0.914 0.7301 0.0398, -0.9199 0.7323 0.0394, -0.9199 0.7323 0.0398, -0.9259 0.6697 0.0398, -0.9259 0.6697 0.0394, -0.9185 0.6706 0.0394, -0.9185 0.6706 0.0398, -0.9128 0.6727 0.0394, -0.9128 0.6727 0.0398, -0.9079 0.6759 0.0394, -0.9079 0.6759 0.0398, -0.9042 0.6798 0.0394, -0.9042 0.6798 0.0398, -0.901 0.6853 0.0394, -0.901 0.6853 0.0398, -0.8989 0.6921 0.0394, -0.8989 0.6921 0.0398, -0.9447 0.674 0.0394, -0.9447 0.674 0.0398, -0.9363 0.6709 0.0394, -0.9363 0.6709 0.0398, -0.8808 0.6707 0.0398, -0.8808 0.6621 0.0398, -0.8808 0.6707 0.0394, -0.8808 0.6621 0.0394, -0.8404 0.6621 0.0398, -0.8404 0.6621 0.0394, -0.8404 0.7408 0.0398, -0.8404 0.7408 0.0394, -0.851 0.7408 0.0398, -0.851 0.7408 0.0394, -0.851 0.6707 0.0398, -0.851 0.6707 0.0394
            ]
        }
        coordIndex [
            0,1,2,-1,2,1,3,-1,1,4,3,-1,3,4,5,-1,4,6,5,-1,5,6,7,-1,6,8,7,-1,7,8,9,-1,8,10,9,-1,9,10,11,-1,10,12,11,-1,11,12,13,-1,12,14,13,-1,13,14,15,-1,14,0,15,-1,15,0,2,-1,16,8,17,-1,17,8,6,-1,18,14,16,-1,16,14,12,-1,16,12,8,-1,8,12,10,-1,18,19,14,-1,14,19,20,-1,14,20,0,-1,0,20,21,-1,0,21,22,-1,22,23,0,-1,0,23,17,-1,0,17,1,-1,1,17,6,-1,1,6,4,-1,16,17,24,-1,24,17,25,-1,18,16,26,-1,26,16,24,-1,18,26,27,-1,18,27,19,-1,19,27,28,-1,19,28,20,-1,21,20,29,-1,29,20,28,-1,21,29,30,-1,21,30,22,-1,22,30,31,-1,22,31,23,-1,17,23,25,-1,25,23,31,-1,32,33,34,-1,34,33,35,-1,33,36,35,-1,35,36,37,-1,36,38,37,-1,37,38,39,-1,40,41,42,-1,40,42,43,-1,43,42,44,-1,43,44,45,-1,45,44,46,-1,45,46,47,-1,47,46,48,-1,47,48,49,-1,49,48,50,-1,49,50,51,-1,51,50,52,-1,51,52,53,-1,53,52,54,-1,53,54,55,-1,55,54,39,-1,55,39,38,-1,32,34,56,-1,32,56,57,-1,57,56,58,-1,57,58,59,-1,59,58,60,-1,59,60,61,-1,61,60,62,-1,61,62,63,-1,63,62,64,-1,63,64,65,-1,65,64,66,-1,65,66,67,-1,67,66,41,-1,67,41,40,-1,45,47,68,-1,68,47,49,-1,68,49,69,-1,69,49,51,-1,69,51,70,-1,70,51,53,-1,70,53,71,-1,71,53,55,-1,71,55,72,-1,72,55,38,-1,72,38,73,-1,73,38,36,-1,73,36,74,-1,74,36,33,-1,74,33,75,-1,75,33,32,-1,75,32,76,-1,76,32,57,-1,76,57,77,-1,77,57,59,-1,77,59,78,-1,78,59,61,-1,78,61,79,-1,79,61,63,-1,79,63,80,-1,80,63,65,-1,80,65,81,-1,81,65,67,-1,81,67,82,-1,82,67,40,-1,82,40,83,-1,83,40,43,-1,83,43,84,-1,84,43,45,-1,84,45,68,-1,72,73,85,-1,85,73,86,-1,72,85,87,-1,72,87,71,-1,71,87,88,-1,71,88,70,-1,70,88,89,-1,70,89,69,-1,69,89,90,-1,69,90,68,-1,68,90,91,-1,68,91,84,-1,84,91,92,-1,84,92,83,-1,83,92,93,-1,83,93,82,-1,82,93,94,-1,82,94,81,-1,81,94,95,-1,81,95,80,-1,80,95,96,-1,80,96,79,-1,79,96,97,-1,79,97,78,-1,78,97,98,-1,78,98,77,-1,77,98,99,-1,77,99,76,-1,76,99,100,-1,76,100,75,-1,74,75,101,-1,101,75,100,-1,73,74,86,-1,86,74,101,-1,102,103,104,-1,104,103,105,-1,103,106,105,-1,105,106,107,-1,106,108,107,-1,107,108,109,-1,108,110,109,-1,109,110,111,-1,110,112,111,-1,111,112,113,-1,112,114,113,-1,113,114,115,-1,114,116,115,-1,115,116,117,-1,116,118,117,-1,117,118,119,-1,118,120,119,-1,119,120,121,-1,120,122,121,-1,121,122,123,-1,122,124,123,-1,123,124,125,-1,124,102,125,-1,125,102,104,-1,106,103,102,-1,102,124,106,-1,106,124,122,-1,106,122,108,-1,112,110,114,-1,114,110,108,-1,114,108,116,-1,116,108,122,-1,116,122,118,-1,118,122,120,-1,126,127,128,-1,128,127,129,-1,129,127,130,-1,131,132,133,-1,131,133,134,-1,134,133,135,-1,134,135,130,-1,130,135,136,-1,130,136,129,-1,132,131,137,-1,137,131,138,-1,137,138,139,-1,139,138,140,-1,139,140,141,-1,141,140,142,-1,141,142,143,-1,143,142,144,-1,143,144,145,-1,145,144,146,-1,145,146,147,-1,147,146,148,-1,147,148,149,-1,149,148,150,-1,149,150,151,-1,152,153,154,-1,154,153,155,-1,154,156,152,-1,152,156,157,-1,152,157,158,-1,158,157,159,-1,158,159,160,-1,160,159,161,-1,160,161,162,-1,162,161,163,-1,162,163,164,-1,164,163,165,-1,164,165,166,-1,166,165,151,-1,166,151,150,-1,155,153,167,-1,167,153,168,-1,167,168,169,-1,169,168,170,-1,169,170,171,-1,170,172,171,-1,171,172,173,-1,174,175,176,-1,174,176,177,-1,177,176,173,-1,177,173,172,-1,178,179,180,-1,178,180,181,-1,181,180,182,-1,181,182,183,-1,183,182,184,-1,183,184,185,-1,185,184,186,-1,185,186,187,-1,187,186,188,-1,187,188,189,-1,189,188,190,-1,189,190,191,-1,191,190,175,-1,191,175,174,-1,192,193,194,-1,192,194,195,-1,195,194,196,-1,195,196,197,-1,197,196,198,-1,197,198,199,-1,199,198,200,-1,199,200,201,-1,201,200,202,-1,201,202,203,-1,203,202,204,-1,203,204,205,-1,205,204,179,-1,205,179,178,-1,126,128,206,-1,126,206,207,-1,207,206,208,-1,207,208,209,-1,209,208,193,-1,209,193,192,-1,195,131,192,-1,192,131,134,-1,192,134,209,-1,209,134,130,-1,209,130,207,-1,207,130,127,-1,207,127,126,-1,172,170,177,-1,177,170,168,-1,177,168,174,-1,174,168,153,-1,174,153,191,-1,191,153,152,-1,191,152,189,-1,189,152,158,-1,189,158,187,-1,187,158,160,-1,187,160,185,-1,185,160,162,-1,185,162,183,-1,183,162,164,-1,183,164,181,-1,181,164,166,-1,181,166,178,-1,178,166,150,-1,178,150,205,-1,205,150,148,-1,205,148,203,-1,203,148,146,-1,203,146,201,-1,201,146,144,-1,201,144,199,-1,199,144,142,-1,199,142,197,-1,197,142,140,-1,197,140,195,-1,195,140,138,-1,195,138,131,-1,210,211,212,-1,212,211,213,-1,211,214,213,-1,213,214,215,-1,214,216,215,-1,215,216,217,-1,216,218,217,-1,217,218,219,-1,218,220,219,-1,219,220,221,-1,220,210,221,-1,221,210,212,-1,218,216,220,-1,220,216,214,-1,220,214,210,-1,210,214,211,-1,
        ]
    }
}
Shape{
    appearance Appearance {
        material  Material {
            diffuseColor 0.25098039215686274 0.25098039215686274 0.25098039215686274
            specularColor 0.12549019607843137 0.12549019607843137 0.12549019607843137
            ambientIntensity 0.251
            transparency 0.0
            shininess 0.5
        }
    }
    geometry IndexedFaceSet {
        ccw TRUE
        solid FALSE
        coord DEF co Coordinate {
            point [
                -1.1099 0.6928 0.0394, -1.1362 0.6928 0.0394, -1.1216 0.7257 0.0394, -1.1244 0.7257 0.0394, -1.1224 0.7284 0.0394, -1.1237 0.7284 0.0394, -1.1229 0.7312 0.0394, -1.1231 0.7312 0.0394, -1.0296 0.7322 0.0394, -1.0296 0.6707 0.0394, -1.0412 0.7322 0.0394, -1.0408 0.6707 0.0394, -1.0491 0.6715 0.0394, -1.0719 0.7022 0.0394, -1.0712 0.71 0.0394, -1.0694 0.7163 0.0394, -1.0505 0.7312 0.0394, -1.0557 0.6736 0.0394, -1.0611 0.6767 0.0394, -1.0655 0.6811 0.0394, -1.0688 0.6865 0.0394, -1.0711 0.6939 0.0394, -1.0666 0.7211 0.0394, -1.0628 0.7252 0.0394, -1.057 0.7289 0.0394
            ]
        }
        coordIndex [
            0,1,2,-1,2,1,3,-1,2,3,4,-1,4,3,5,-1,4,5,6,-1,6,5,7,-1,8,9,10,-1,10,9,11,-1,10,11,12,-1,13,14,10,-1,10,14,15,-1,10,15,16,-1,12,17,10,-1,10,17,18,-1,10,18,19,-1,19,20,10,-1,10,20,21,-1,10,21,13,-1,22,23,15,-1,15,23,24,-1,15,24,16,-1,
        ]
    }
}
Shape{
    appearance Appearance {
        material  Material {
            diffuseColor 1.0 1.0 1.0
            specularColor 0.5019607843137255 0.5019607843137255 0.5019607843137255
            ambientIntensity 1.0
            transparency 0.0
            shininess 0.5
        }
    }
    geometry IndexedFaceSet {
        ccw TRUE
        solid FALSE
        coord DEF co Coordinate {
            point [
                1.0236 -0.2756 0.0, 1.0236 0.2756 0.0, 1.0236 -0.2756 0.0394, 1.0236 0.2756 0.0394, -1.0114 -0.6102 0.0394, -1.0236 -0.6102 0.0394, -1.0236 -0.6102 0.0, 1.0236 -0.6102 0.0, 1.0236 -0.6102 0.0394, -0.8841 -0.6102 0.0394, -0.9537 -0.6102 0.0394, -1.0236 -0.2756 0.0394, -1.0236 0.2756 0.0394, -1.0236 -0.2756 0.0, -1.0236 0.2756 0.0, -1.0236 0.6102 0.0, -1.0236 0.6102 0.0394, -1.0114 0.6102 0.0394, 1.0236 0.6102 0.0394, 1.0236 0.6102 0.0, -0.8841 0.6102 0.0394, -0.9537 0.6102 0.0394, 1.063 -0.2756 0.0, 1.063 -0.3937 0.0, -1.063 0.2756 0.0, -1.063 0.3937 0.0, 1.0236 -0.3937 0.0, -1.0236 0.3937 0.0, -1.0236 -0.3937 0.0, -1.063 -0.3937 0.0, -1.063 -0.2756 0.0, 1.0236 0.3937 0.0, 1.063 0.3937 0.0, 1.063 0.2756 0.0, -1.063 0.2756 0.0394, -1.063 0.3937 0.0394, -1.0236 0.3937 0.0394, 1.063 0.3937 0.0394, 1.0236 0.3937 0.0394, 1.063 0.2756 0.0394, -1.063 -0.2756 0.0394, -1.063 -0.3937 0.0394, -1.0236 -0.3937 0.0394, 1.063 -0.3937 0.0394, 1.0236 -0.3937 0.0394, 1.063 -0.2756 0.0394
            ]
        }
        coordIndex [
            0,1,2,-1,2,1,3,-1,4,5,6,-1,7,8,9,-1,7,9,6,-1,6,9,10,-1,6,10,4,-1,11,12,13,-1,13,12,14,-1,15,16,17,-1,18,19,20,-1,20,19,15,-1,20,15,21,-1,21,15,17,-1,0,22,23,-1,14,24,25,-1,26,7,27,-1,7,6,28,-1,29,30,28,-1,28,30,13,-1,28,13,7,-1,7,13,14,-1,7,14,27,-1,27,14,25,-1,19,31,15,-1,15,31,27,-1,32,33,31,-1,31,33,1,-1,31,1,27,-1,27,1,0,-1,27,0,26,-1,26,0,23,-1,34,24,12,-1,12,24,14,-1,25,35,27,-1,27,35,36,-1,34,35,24,-1,24,35,25,-1,37,32,38,-1,38,32,31,-1,33,39,1,-1,1,39,3,-1,37,39,32,-1,32,39,33,-1,30,40,13,-1,13,40,11,-1,41,29,42,-1,42,29,28,-1,41,40,29,-1,29,40,30,-1,23,43,26,-1,26,43,44,-1,45,22,2,-1,2,22,0,-1,45,43,22,-1,22,43,23,-1,
        ]
    }
}
Shape{
    appearance Appearance {
        material  Material {
            diffuseColor 0.25098039215686274 0.25098039215686274 0.25098039215686274
            specularColor 0.12549019607843137 0.12549019607843137 0.12549019607843137
            ambientIntensity 0.251
            transparency 0.0
            shininess 0.5
        }
    }
    geometry IndexedFaceSet {
        ccw TRUE
        solid FALSE
        coord DEF co Coordinate {
            point [
                1.5098 0.8015 0.0733, 1.5083 0.8115 0.0721, 1.5354 0.8272 0.2559, 1.5341 0.8373 0.2559, 1.5325 0.8421 0.2559, 1.5082 0.8115 0.0721, 1.5302 0.8467 0.2559, 1.5043 0.8208 0.0713, 1.5274 0.8509 0.2559, 1.5043 0.8208 0.0713, 1.5241 0.8548 0.2559, 1.4981 0.8288 0.0711, 1.5202 0.8581 0.2559, 1.4901 0.835 0.0713, 1.516 0.8609 0.2559, 1.4901 0.835 0.0713, 1.5114 0.8632 0.2559, 1.4808 0.839 0.0721, 1.5066 0.8648 0.2559, 1.4807 0.839 0.0721, 1.4708 0.8405 0.0733, 1.4964 0.8661 0.2559, 1.4708 0.8405 0.4385, 1.4807 0.839 0.4397, 1.4808 0.839 0.4397, 1.4901 0.835 0.4405, 1.4901 0.835 0.4405, 1.4981 0.8288 0.4407, 1.5043 0.8208 0.4405, 1.5043 0.8208 0.4405, 1.5082 0.8115 0.4397, 1.5083 0.8115 0.4397, 1.5098 0.8015 0.4385, 1.4801 0.8015 0.0405, 1.4708 0.8015 0.0394, 1.4798 0.8039 0.0405, 1.4708 0.8196 0.0438, 1.4708 0.8197 0.0438, 1.4755 0.819 0.0438, 1.4708 0.8273 0.049, 1.4708 0.8274 0.0491, 1.4775 0.8266 0.0491, 1.4791 0.8326 0.0562, 1.4803 0.8369 0.0645, 1.4891 0.8333 0.0645, 1.5075 0.8015 0.0645, 1.5062 0.811 0.0645, 1.4708 0.8382 0.0645, 1.4708 0.838 0.0642, 1.4708 0.8337 0.0562, 1.4708 0.8336 0.056, 1.5073 0.8015 0.0642, 1.5019 0.8098 0.0562, 1.4869 0.8294 0.0562, 1.4967 0.8274 0.0645, 1.503 0.8015 0.0562, 1.5029 0.8015 0.056, 1.4958 0.8082 0.0491, 1.4838 0.824 0.0491, 1.4936 0.8243 0.0562, 1.4967 0.8015 0.0491, 1.4966 0.8015 0.049, 1.4883 0.8062 0.0438, 1.4891 0.8198 0.0491, 1.4799 0.8172 0.0438, 1.4732 0.8105 0.0405, 1.5026 0.8198 0.0645, 1.4987 0.8176 0.0562, 1.4933 0.8145 0.0491, 1.4865 0.8106 0.0438, 1.4789 0.8062 0.0405, 1.4708 0.8108 0.0405, 1.4708 0.8108 0.0405, 1.4836 0.8143 0.0438, 1.4755 0.8096 0.0405, 1.4774 0.8081 0.0405, 1.489 0.8015 0.0438, 1.4889 0.8015 0.0438, 1.4801 0.8015 0.0405, 1.4708 0.8336 0.4558, 1.4708 0.8274 0.4627, 1.4775 0.8266 0.4627, 1.4755 0.819 0.468, 1.4732 0.8105 0.4713, 1.4755 0.8096 0.4713, 1.4708 0.8015 0.4724, 1.4789 0.8062 0.4713, 1.4774 0.8081 0.4713, 1.4798 0.8039 0.4713, 1.4708 0.8108 0.4713, 1.4803 0.8369 0.4473, 1.4891 0.8333 0.4473, 1.4967 0.8274 0.4473, 1.5026 0.8198 0.4473, 1.5062 0.811 0.4473, 1.5075 0.8015 0.4473, 1.4801 0.8015 0.4713, 1.4708 0.8273 0.4628, 1.4708 0.8197 0.468, 1.4708 0.8196 0.468, 1.4708 0.8108 0.4713, 1.4799 0.8172 0.468, 1.4836 0.8143 0.468, 1.4865 0.8106 0.468, 1.4883 0.8062 0.468, 1.4801 0.8015 0.4713, 1.4889 0.8015 0.468, 1.489 0.8015 0.468, 1.4966 0.8015 0.4628, 1.4838 0.824 0.4627, 1.4891 0.8198 0.4627, 1.4933 0.8145 0.4627, 1.4958 0.8082 0.4627, 1.4708 0.838 0.4476, 1.4708 0.8337 0.4557, 1.4791 0.8326 0.4557, 1.4869 0.8294 0.4557, 1.4936 0.8243 0.4557, 1.4987 0.8176 0.4557, 1.5019 0.8098 0.4557, 1.4708 0.8382 0.4473, 1.4967 0.8015 0.4627, 1.5029 0.8015 0.4558, 1.503 0.8015 0.4557, 1.5073 0.8015 0.4476, 1.4708 -0.8405 0.0733, 1.4807 -0.839 0.0721, 1.4964 -0.8661 0.2559, 1.5066 -0.8648 0.2559, 1.5114 -0.8632 0.2559, 1.4808 -0.839 0.0721, 1.516 -0.8609 0.2559, 1.4901 -0.835 0.0713, 1.5202 -0.8581 0.2559, 1.4901 -0.835 0.0713, 1.5241 -0.8548 0.2559, 1.4981 -0.8288 0.0711, 1.5274 -0.8509 0.2559, 1.5043 -0.8208 0.0713, 1.5302 -0.8467 0.2559, 1.5043 -0.8208 0.0713, 1.5325 -0.8421 0.2559, 1.5082 -0.8115 0.0721, 1.5341 -0.8373 0.2559, 1.5083 -0.8115 0.0721, 1.5098 -0.8015 0.0733, 1.5354 -0.8272 0.2559, 1.4708 0.7413 0.0394, 1.4801 -0.8015 0.0405, 1.4801 -0.8015 0.0405, 1.4889 -0.8015 0.0438, 1.489 -0.8015 0.0438, 1.4966 -0.8015 0.049, 1.4967 -0.8015 0.0491, 1.5029 -0.8015 0.056, 1.503 -0.8015 0.0562, 1.5073 -0.8015 0.0642, 1.5075 -0.8015 0.0645, 1.4708 -0.8015 0.0394, 1.4708 0.6357 0.0394, 1.4708 0.6616 0.0394, -1.4708 0.8108 0.0405, -1.4708 0.8108 0.0405, -1.4708 0.8196 0.0438, -1.4708 0.8197 0.0438, -1.4708 0.8273 0.049, -1.4708 0.8274 0.0491, -1.4708 0.8336 0.056, -1.4708 0.8337 0.0562, -1.4708 0.838 0.0642, -1.4708 0.8382 0.0645, -1.4708 0.8405 0.0733, -0.8841 0.8015 0.0394, -0.9537 0.8015 0.0394, -1.0114 0.8015 0.0394, -1.0853 0.8015 0.0394, -1.315 0.8015 0.0394, -1.4708 0.8015 0.0394, -1.4807 0.839 0.0721, -1.4964 0.8661 0.2559, -1.5066 0.8648 0.2559, -1.5114 0.8632 0.2559, -1.4808 0.839 0.0721, -1.516 0.8609 0.2559, -1.4901 0.835 0.0713, -1.5202 0.8581 0.2559, -1.4901 0.835 0.0713, -1.5241 0.8548 0.2559, -1.4981 0.8288 0.0711, -1.5274 0.8509 0.2559, -1.5043 0.8208 0.0713, -1.5302 0.8467 0.2559, -1.5043 0.8208 0.0713, -1.5325 0.8421 0.2559, -1.5082 0.8115 0.0721, -1.5341 0.8373 0.2559, -1.5083 0.8115 0.0721, -1.5098 0.8015 0.0733, -1.5354 0.8272 0.2559, -1.5098 0.8015 0.4385, -1.5083 0.8115 0.4397, -1.5082 0.8115 0.4397, -1.5043 0.8208 0.4405, -1.5043 0.8208 0.4405, -1.4981 0.8288 0.4407, -1.4901 0.835 0.4405, -1.4901 0.835 0.4405, -1.4808 0.839 0.4397, -1.4807 0.839 0.4397, -1.4708 0.8405 0.4385, -1.4708 0.8382 0.4473, -1.4708 0.838 0.4476, -1.4708 0.8337 0.4557, -1.4708 0.8336 0.4558, -1.4708 0.8274 0.4627, -1.4708 0.8273 0.4628, -1.4708 0.8197 0.468, -1.4708 0.8196 0.468, -1.4708 0.8108 0.4713, -1.4708 0.8108 0.4713, -1.4708 0.8015 0.4724, 1.5098 -0.8015 0.4385, 1.5075 -0.8015 0.4473, 1.5073 -0.8015 0.4476, 1.503 -0.8015 0.4557, 1.5029 -0.8015 0.4558, 1.4967 -0.8015 0.4627, 1.4966 -0.8015 0.4628, 1.489 -0.8015 0.468, 1.4889 -0.8015 0.468, 1.4801 -0.8015 0.4713, 1.4801 -0.8015 0.4713, 1.4708 -0.8015 0.4724, 1.5083 -0.8115 0.4397, 1.5082 -0.8115 0.4397, 1.5043 -0.8208 0.4405, 1.5043 -0.8208 0.4405, 1.4981 -0.8288 0.4407, 1.4901 -0.835 0.4405, 1.4901 -0.835 0.4405, 1.4808 -0.839 0.4397, 1.4807 -0.839 0.4397, 1.4708 -0.8405 0.4385, 1.4708 -0.8108 0.0405, 1.4732 -0.8105 0.0405, 1.4883 -0.8062 0.0438, 1.4958 -0.8082 0.0491, 1.5019 -0.8098 0.0562, 1.5062 -0.811 0.0645, 1.5026 -0.8198 0.0645, 1.4708 -0.8382 0.0645, 1.4803 -0.8369 0.0645, 1.4708 -0.838 0.0642, 1.4791 -0.8326 0.0562, 1.4987 -0.8176 0.0562, 1.4967 -0.8274 0.0645, 1.4708 -0.8337 0.0562, 1.4708 -0.8336 0.056, 1.4775 -0.8266 0.0491, 1.4933 -0.8145 0.0491, 1.4936 -0.8243 0.0562, 1.4708 -0.8274 0.0491, 1.4708 -0.8273 0.049, 1.4755 -0.819 0.0438, 1.4891 -0.8198 0.0491, 1.4865 -0.8106 0.0438, 1.4798 -0.8039 0.0405, 1.4891 -0.8333 0.0645, 1.4869 -0.8294 0.0562, 1.4838 -0.824 0.0491, 1.4799 -0.8172 0.0438, 1.4755 -0.8096 0.0405, 1.4836 -0.8143 0.0438, 1.4789 -0.8062 0.0405, 1.4774 -0.8081 0.0405, 1.4708 -0.8197 0.0438, 1.4708 -0.8196 0.0438, 1.4708 -0.8108 0.0405, -1.4732 0.8105 0.0405, -1.4889 0.8015 0.0438, -1.489 0.8015 0.0438, -1.4883 0.8062 0.0438, -1.4966 0.8015 0.049, -1.4967 0.8015 0.0491, -1.4958 0.8082 0.0491, -1.5019 0.8098 0.0562, -1.5062 0.811 0.0645, -1.5026 0.8198 0.0645, -1.4803 0.8369 0.0645, -1.5075 0.8015 0.0645, -1.5073 0.8015 0.0642, -1.503 0.8015 0.0562, -1.5029 0.8015 0.056, -1.4791 0.8326 0.0562, -1.4987 0.8176 0.0562, -1.4967 0.8274 0.0645, -1.4775 0.8266 0.0491, -1.4933 0.8145 0.0491, -1.4936 0.8243 0.0562, -1.4755 0.819 0.0438, -1.4891 0.8198 0.0491, -1.4865 0.8106 0.0438, -1.4798 0.8039 0.0405, -1.4891 0.8333 0.0645, -1.4869 0.8294 0.0562, -1.4838 0.824 0.0491, -1.4799 0.8172 0.0438, -1.4755 0.8096 0.0405, -1.4801 0.8015 0.0405, -1.4801 0.8015 0.0405, -1.4836 0.8143 0.0438, -1.4789 0.8062 0.0405, -1.4774 0.8081 0.0405, -1.5029 0.8015 0.4558, -1.4967 0.8015 0.4627, -1.4958 0.8082 0.4627, -1.4883 0.8062 0.468, -1.4798 0.8039 0.4713, -1.4789 0.8062 0.4713, -1.4755 0.8096 0.4713, -1.4774 0.8081 0.4713, -1.4732 0.8105 0.4713, -1.4801 0.8015 0.4713, -1.5062 0.811 0.4473, -1.5026 0.8198 0.4473, -1.4967 0.8274 0.4473, -1.4891 0.8333 0.4473, -1.4803 0.8369 0.4473, -1.4966 0.8015 0.4628, -1.489 0.8015 0.468, -1.4889 0.8015 0.468, -1.4801 0.8015 0.4713, -1.4865 0.8106 0.468, -1.4836 0.8143 0.468, -1.4799 0.8172 0.468, -1.4755 0.819 0.468, -1.4933 0.8145 0.4627, -1.4891 0.8198 0.4627, -1.4838 0.824 0.4627, -1.4775 0.8266 0.4627, -1.5073 0.8015 0.4476, -1.503 0.8015 0.4557, -1.5019 0.8098 0.4557, -1.4987 0.8176 0.4557, -1.4936 0.8243 0.4557, -1.4869 0.8294 0.4557, -1.4791 0.8326 0.4557, -1.5075 0.8015 0.4473, 1.4958 -0.8082 0.4627, 1.4883 -0.8062 0.468, 1.4798 -0.8039 0.4713, 1.4789 -0.8062 0.4713, 1.4755 -0.8096 0.4713, 1.4774 -0.8081 0.4713, 1.4732 -0.8105 0.4713, 1.5062 -0.811 0.4473, 1.5026 -0.8198 0.4473, 1.4967 -0.8274 0.4473, 1.4891 -0.8333 0.4473, 1.4803 -0.8369 0.4473, 1.4708 -0.8382 0.4473, 1.4708 -0.8108 0.4713, 1.4865 -0.8106 0.468, 1.4836 -0.8143 0.468, 1.4799 -0.8172 0.468, 1.4755 -0.819 0.468, 1.4708 -0.8108 0.4713, 1.4708 -0.8196 0.468, 1.4708 -0.8197 0.468, 1.4708 -0.8273 0.4628, 1.4933 -0.8145 0.4627, 1.4891 -0.8198 0.4627, 1.4838 -0.824 0.4627, 1.4775 -0.8266 0.4627, 1.5019 -0.8098 0.4557, 1.4987 -0.8176 0.4557, 1.4936 -0.8243 0.4557, 1.4869 -0.8294 0.4557, 1.4791 -0.8326 0.4557, 1.4708 -0.8274 0.4627, 1.4708 -0.8336 0.4558, 1.4708 -0.8337 0.4557, 1.4708 -0.838 0.4476, -1.4708 -0.8108 0.0405, -1.4708 -0.8108 0.0405, -1.4708 -0.8196 0.0438, -1.4708 -0.8197 0.0438, -1.4708 -0.8273 0.049, -1.4708 -0.8274 0.0491, -1.4708 -0.8336 0.056, -1.4708 -0.8337 0.0562, -1.4708 -0.838 0.0642, -1.4708 -0.8382 0.0645, -1.4708 -0.8405 0.0733, -1.4708 -0.8015 0.0394, -1.315 -0.8015 0.0394, -1.0853 -0.8015 0.0394, -1.0114 -0.8015 0.0394, -0.9537 -0.8015 0.0394, -0.8841 -0.8015 0.0394, -1.4708 0.6357 0.0394, -1.4801 -0.8015 0.0405, -1.4708 0.7413 0.0394, -1.4708 0.6616 0.0394, -1.4801 -0.8015 0.0405, -1.4889 -0.8015 0.0438, -1.489 -0.8015 0.0438, -1.4966 -0.8015 0.049, -1.4967 -0.8015 0.0491, -1.5029 -0.8015 0.056, -1.503 -0.8015 0.0562, -1.5073 -0.8015 0.0642, -1.5075 -0.8015 0.0645, -1.5098 -0.8015 0.0733, -1.5098 -0.8015 0.4385, -1.5075 -0.8015 0.4473, -1.5073 -0.8015 0.4476, -1.503 -0.8015 0.4557, -1.5029 -0.8015 0.4558, -1.4967 -0.8015 0.4627, -1.4966 -0.8015 0.4628, -1.489 -0.8015 0.468, -1.4889 -0.8015 0.468, -1.4801 -0.8015 0.4713, -1.4801 -0.8015 0.4713, -1.4708 -0.8015 0.4724, -1.4708 -0.8405 0.4385, -1.4708 -0.8382 0.4473, -1.4708 -0.838 0.4476, -1.4708 -0.8337 0.4557, -1.4708 -0.8336 0.4558, -1.4708 -0.8274 0.4627, -1.4708 -0.8273 0.4628, -1.4708 -0.8197 0.468, -1.4708 -0.8196 0.468, -1.4708 -0.8108 0.4713, -1.4708 -0.8108 0.4713, -1.4798 -0.8039 0.0405, -1.4755 -0.819 0.0438, -1.4775 -0.8266 0.0491, -1.4791 -0.8326 0.0562, -1.4803 -0.8369 0.0645, -1.4891 -0.8333 0.0645, -1.5083 -0.8115 0.0721, -1.5043 -0.8208 0.0713, -1.5082 -0.8115 0.0721, -1.5062 -0.811 0.0645, -1.4807 -0.839 0.0721, -1.4808 -0.839 0.0721, -1.4901 -0.835 0.0713, -1.4901 -0.835 0.0713, -1.4981 -0.8288 0.0711, -1.5019 -0.8098 0.0562, -1.4869 -0.8294 0.0562, -1.4967 -0.8274 0.0645, -1.4958 -0.8082 0.0491, -1.4838 -0.824 0.0491, -1.4936 -0.8243 0.0562, -1.4883 -0.8062 0.0438, -1.4891 -0.8198 0.0491, -1.4799 -0.8172 0.0438, -1.4732 -0.8105 0.0405, -1.5043 -0.8208 0.0713, -1.5026 -0.8198 0.0645, -1.4987 -0.8176 0.0562, -1.4933 -0.8145 0.0491, -1.4865 -0.8106 0.0438, -1.4789 -0.8062 0.0405, -1.4836 -0.8143 0.0438, -1.4755 -0.8096 0.0405, -1.4774 -0.8081 0.0405, -1.4775 -0.8266 0.4627, -1.4755 -0.819 0.468, -1.4732 -0.8105 0.4713, -1.4755 -0.8096 0.4713, -1.4789 -0.8062 0.4713, -1.4774 -0.8081 0.4713, -1.4798 -0.8039 0.4713, -1.4803 -0.8369 0.4473, -1.4808 -0.839 0.4397, -1.4807 -0.839 0.4397, -1.4901 -0.835 0.4405, -1.4891 -0.8333 0.4473, -1.4901 -0.835 0.4405, -1.4967 -0.8274 0.4473, -1.4981 -0.8288 0.4407, -1.5026 -0.8198 0.4473, -1.5043 -0.8208 0.4405, -1.5043 -0.8208 0.4405, -1.5062 -0.811 0.4473, -1.5082 -0.8115 0.4397, -1.5083 -0.8115 0.4397, -1.4799 -0.8172 0.468, -1.4836 -0.8143 0.468, -1.4865 -0.8106 0.468, -1.4883 -0.8062 0.468, -1.4838 -0.824 0.4627, -1.4891 -0.8198 0.4627, -1.4933 -0.8145 0.4627, -1.4958 -0.8082 0.4627, -1.4791 -0.8326 0.4557, -1.4869 -0.8294 0.4557, -1.4936 -0.8243 0.4557, -1.4987 -0.8176 0.4557, -1.5019 -0.8098 0.4557, -1.5354 -0.8272 0.2559, -1.5341 -0.8373 0.2559, -1.5325 -0.8421 0.2559, -1.5302 -0.8467 0.2559, -1.5274 -0.8509 0.2559, -1.5241 -0.8548 0.2559, -1.5202 -0.8581 0.2559, -1.516 -0.8609 0.2559, -1.5114 -0.8632 0.2559, -1.5066 -0.8648 0.2559, -1.4964 -0.8661 0.2559
            ]
        }
        coordIndex [
            0,1,2,-1,2,1,3,-1,3,1,4,-1,4,1,5,-1,4,5,6,-1,6,5,7,-1,6,7,8,-1,8,7,9,-1,8,9,10,-1,10,9,11,-1,10,11,12,-1,12,11,13,-1,12,13,14,-1,14,13,15,-1,14,15,16,-1,16,15,17,-1,16,17,18,-1,17,19,18,-1,18,19,20,-1,18,20,21,-1,22,23,21,-1,21,23,18,-1,18,23,16,-1,16,23,24,-1,16,24,14,-1,14,24,25,-1,14,25,12,-1,12,25,26,-1,12,26,10,-1,10,26,27,-1,10,27,8,-1,8,27,28,-1,8,28,6,-1,6,28,29,-1,6,29,4,-1,4,29,30,-1,4,30,3,-1,30,31,3,-1,3,31,32,-1,3,32,2,-1,33,34,35,-1,36,37,38,-1,39,40,41,-1,42,43,44,-1,1,0,45,-1,7,5,46,-1,46,5,1,-1,19,17,43,-1,43,17,15,-1,43,15,44,-1,44,15,13,-1,44,13,11,-1,20,19,47,-1,47,19,43,-1,47,43,48,-1,48,43,42,-1,48,42,49,-1,49,42,50,-1,1,45,46,-1,46,45,51,-1,46,51,52,-1,40,50,41,-1,41,50,42,-1,41,42,53,-1,53,42,44,-1,53,44,54,-1,54,44,11,-1,51,55,52,-1,52,55,56,-1,52,56,57,-1,37,39,38,-1,38,39,41,-1,38,41,58,-1,58,41,53,-1,58,53,59,-1,59,53,54,-1,56,60,57,-1,57,60,61,-1,57,61,62,-1,59,63,58,-1,58,63,64,-1,58,64,38,-1,38,64,65,-1,38,65,36,-1,9,7,66,-1,66,7,46,-1,66,46,67,-1,67,46,52,-1,67,52,68,-1,68,52,57,-1,68,57,69,-1,69,57,62,-1,69,62,70,-1,70,62,35,-1,70,35,34,-1,34,71,65,-1,65,71,72,-1,65,72,36,-1,63,73,64,-1,64,73,74,-1,64,74,65,-1,65,74,34,-1,73,75,74,-1,74,75,34,-1,61,76,62,-1,62,76,77,-1,62,77,35,-1,35,77,78,-1,35,78,33,-1,11,9,54,-1,54,9,66,-1,54,66,59,-1,59,66,67,-1,59,67,63,-1,63,67,68,-1,63,68,73,-1,73,68,69,-1,73,69,75,-1,75,69,70,-1,75,70,34,-1,79,80,81,-1,82,83,84,-1,85,86,87,-1,88,86,85,-1,84,83,85,-1,89,85,83,-1,90,24,23,-1,24,90,25,-1,25,90,91,-1,25,91,26,-1,26,91,92,-1,26,92,27,-1,27,92,93,-1,27,93,28,-1,28,93,29,-1,29,93,94,-1,29,94,30,-1,30,94,31,-1,31,94,95,-1,31,95,32,-1,96,88,85,-1,97,98,82,-1,82,98,99,-1,82,99,83,-1,83,99,100,-1,83,100,89,-1,101,87,102,-1,102,87,86,-1,102,86,103,-1,103,86,88,-1,103,88,104,-1,96,105,88,-1,88,105,106,-1,88,106,104,-1,104,106,107,-1,104,107,108,-1,81,101,109,-1,109,101,102,-1,109,102,110,-1,110,102,103,-1,110,103,111,-1,111,103,104,-1,111,104,112,-1,112,104,108,-1,113,114,115,-1,115,114,79,-1,79,81,115,-1,115,81,109,-1,115,109,116,-1,116,109,110,-1,116,110,117,-1,117,110,111,-1,117,111,118,-1,118,111,112,-1,118,112,119,-1,80,97,81,-1,81,97,82,-1,81,82,101,-1,101,82,84,-1,101,84,87,-1,87,84,85,-1,113,90,120,-1,120,90,23,-1,120,23,22,-1,108,121,112,-1,112,121,122,-1,112,122,119,-1,119,122,123,-1,119,123,124,-1,113,115,90,-1,90,115,116,-1,90,116,91,-1,91,116,117,-1,91,117,92,-1,92,117,118,-1,92,118,93,-1,93,118,119,-1,93,119,94,-1,94,119,124,-1,94,124,95,-1,125,126,127,-1,127,126,128,-1,128,126,129,-1,129,126,130,-1,129,130,131,-1,131,130,132,-1,131,132,133,-1,133,132,134,-1,133,134,135,-1,135,134,136,-1,135,136,137,-1,137,136,138,-1,137,138,139,-1,139,138,140,-1,139,140,141,-1,141,140,142,-1,141,142,143,-1,142,144,143,-1,143,144,145,-1,143,145,146,-1,147,34,33,-1,148,33,149,-1,149,33,78,-1,149,78,150,-1,150,78,77,-1,150,77,151,-1,151,77,76,-1,151,76,152,-1,152,76,61,-1,152,61,153,-1,153,61,60,-1,153,60,154,-1,154,60,56,-1,154,56,155,-1,155,56,55,-1,155,55,156,-1,156,55,51,-1,156,51,157,-1,157,51,45,-1,157,45,145,-1,145,45,0,-1,148,158,159,-1,148,159,33,-1,33,159,160,-1,33,160,147,-1,71,161,72,-1,72,161,162,-1,72,162,36,-1,36,162,163,-1,36,163,37,-1,37,163,164,-1,37,164,39,-1,39,164,165,-1,39,165,40,-1,40,165,166,-1,40,166,50,-1,50,166,167,-1,50,167,49,-1,49,167,168,-1,49,168,48,-1,48,168,169,-1,48,169,47,-1,47,169,170,-1,47,170,20,-1,20,170,171,-1,71,34,172,-1,71,172,161,-1,161,172,173,-1,161,173,174,-1,174,175,161,-1,161,175,176,-1,161,176,177,-1,171,178,179,-1,179,178,180,-1,180,178,181,-1,181,178,182,-1,181,182,183,-1,183,182,184,-1,183,184,185,-1,185,184,186,-1,185,186,187,-1,187,186,188,-1,187,188,189,-1,189,188,190,-1,189,190,191,-1,191,190,192,-1,191,192,193,-1,193,192,194,-1,193,194,195,-1,194,196,195,-1,195,196,197,-1,195,197,198,-1,199,200,198,-1,198,200,195,-1,195,200,193,-1,193,200,201,-1,193,201,191,-1,191,201,202,-1,191,202,189,-1,189,202,203,-1,189,203,187,-1,187,203,204,-1,187,204,185,-1,185,204,205,-1,185,205,183,-1,183,205,206,-1,183,206,181,-1,181,206,207,-1,181,207,180,-1,207,208,180,-1,180,208,209,-1,180,209,179,-1,22,209,120,-1,120,209,210,-1,120,210,113,-1,113,210,211,-1,113,211,114,-1,114,211,212,-1,114,212,79,-1,79,212,213,-1,79,213,80,-1,80,213,214,-1,80,214,97,-1,97,214,215,-1,97,215,98,-1,98,215,216,-1,98,216,99,-1,99,216,217,-1,99,217,100,-1,100,217,218,-1,100,218,89,-1,218,219,89,-1,89,219,220,-1,89,220,85,-1,221,32,222,-1,222,32,95,-1,222,95,223,-1,223,95,124,-1,223,124,224,-1,224,124,123,-1,224,123,225,-1,225,123,122,-1,225,122,226,-1,226,122,121,-1,226,121,227,-1,227,121,108,-1,227,108,228,-1,228,108,107,-1,228,107,229,-1,229,107,106,-1,229,106,230,-1,230,106,105,-1,230,105,231,-1,105,96,231,-1,231,96,85,-1,231,85,232,-1,221,233,146,-1,146,233,143,-1,143,233,141,-1,141,233,234,-1,141,234,139,-1,139,234,235,-1,139,235,137,-1,137,235,236,-1,137,236,135,-1,135,236,237,-1,135,237,133,-1,133,237,238,-1,133,238,131,-1,131,238,239,-1,131,239,129,-1,129,239,240,-1,129,240,128,-1,240,241,128,-1,128,241,242,-1,128,242,127,-1,243,158,244,-1,150,151,245,-1,152,153,246,-1,247,248,249,-1,126,125,250,-1,132,130,251,-1,251,130,126,-1,144,142,248,-1,248,142,140,-1,248,140,249,-1,249,140,138,-1,249,138,136,-1,145,144,157,-1,157,144,248,-1,157,248,156,-1,156,248,247,-1,156,247,155,-1,155,247,154,-1,126,250,251,-1,251,250,252,-1,251,252,253,-1,153,154,246,-1,246,154,247,-1,246,247,254,-1,254,247,249,-1,254,249,255,-1,255,249,136,-1,252,256,253,-1,253,256,257,-1,253,257,258,-1,151,152,245,-1,245,152,246,-1,245,246,259,-1,259,246,254,-1,259,254,260,-1,260,254,255,-1,257,261,258,-1,258,261,262,-1,258,262,263,-1,260,264,259,-1,259,264,265,-1,259,265,245,-1,245,265,266,-1,245,266,150,-1,134,132,267,-1,267,132,251,-1,267,251,268,-1,268,251,253,-1,268,253,269,-1,269,253,258,-1,269,258,270,-1,270,258,263,-1,270,263,271,-1,271,263,244,-1,271,244,158,-1,158,148,266,-1,266,148,149,-1,266,149,150,-1,264,272,265,-1,265,272,273,-1,265,273,266,-1,266,273,158,-1,272,274,273,-1,273,274,158,-1,262,275,263,-1,263,275,276,-1,263,276,244,-1,244,276,277,-1,244,277,243,-1,136,134,255,-1,255,134,267,-1,255,267,260,-1,260,267,268,-1,260,268,264,-1,264,268,269,-1,264,269,272,-1,272,269,270,-1,272,270,274,-1,274,270,271,-1,274,271,158,-1,161,177,278,-1,279,280,281,-1,282,283,284,-1,285,286,287,-1,178,171,170,-1,184,182,288,-1,288,182,178,-1,196,194,286,-1,286,194,192,-1,286,192,287,-1,287,192,190,-1,287,190,188,-1,197,196,289,-1,289,196,286,-1,289,286,290,-1,290,286,285,-1,290,285,291,-1,291,285,292,-1,178,170,288,-1,288,170,169,-1,288,169,293,-1,283,292,284,-1,284,292,285,-1,284,285,294,-1,294,285,287,-1,294,287,295,-1,295,287,188,-1,169,168,293,-1,293,168,167,-1,293,167,296,-1,280,282,281,-1,281,282,284,-1,281,284,297,-1,297,284,294,-1,297,294,298,-1,298,294,295,-1,167,166,296,-1,296,166,165,-1,296,165,299,-1,298,300,297,-1,297,300,301,-1,297,301,281,-1,281,301,302,-1,281,302,279,-1,186,184,303,-1,303,184,288,-1,303,288,304,-1,304,288,293,-1,304,293,305,-1,305,293,296,-1,305,296,306,-1,306,296,299,-1,306,299,307,-1,307,299,278,-1,307,278,177,-1,177,308,302,-1,302,308,309,-1,302,309,279,-1,300,310,301,-1,301,310,311,-1,301,311,302,-1,302,311,177,-1,310,312,311,-1,311,312,177,-1,165,164,299,-1,299,164,163,-1,299,163,278,-1,278,163,162,-1,278,162,161,-1,188,186,295,-1,295,186,303,-1,295,303,298,-1,298,303,304,-1,298,304,300,-1,300,304,305,-1,300,305,310,-1,310,305,306,-1,310,306,312,-1,312,306,307,-1,312,307,177,-1,313,314,315,-1,316,317,318,-1,220,319,320,-1,321,319,220,-1,318,317,220,-1,322,220,317,-1,323,201,200,-1,201,323,202,-1,202,323,324,-1,202,324,203,-1,203,324,325,-1,203,325,204,-1,204,325,326,-1,204,326,205,-1,205,326,206,-1,206,326,327,-1,206,327,207,-1,207,327,208,-1,208,327,210,-1,208,210,209,-1,219,321,220,-1,328,329,316,-1,316,329,330,-1,316,330,317,-1,317,330,331,-1,317,331,322,-1,332,320,333,-1,333,320,319,-1,333,319,334,-1,334,319,321,-1,334,321,335,-1,219,218,321,-1,321,218,217,-1,321,217,335,-1,335,217,216,-1,335,216,215,-1,315,332,336,-1,336,332,333,-1,336,333,337,-1,337,333,334,-1,337,334,338,-1,338,334,335,-1,338,335,339,-1,339,335,215,-1,340,341,342,-1,342,341,313,-1,313,315,342,-1,342,315,336,-1,342,336,343,-1,343,336,337,-1,343,337,344,-1,344,337,338,-1,344,338,345,-1,345,338,339,-1,345,339,346,-1,314,328,315,-1,315,328,316,-1,315,316,332,-1,332,316,318,-1,332,318,320,-1,320,318,220,-1,340,323,347,-1,347,323,200,-1,347,200,199,-1,215,214,339,-1,339,214,213,-1,339,213,346,-1,346,213,212,-1,346,212,211,-1,340,342,323,-1,323,342,343,-1,323,343,324,-1,324,343,344,-1,324,344,325,-1,325,344,345,-1,325,345,326,-1,326,345,346,-1,326,346,327,-1,327,346,211,-1,327,211,210,-1,225,226,348,-1,349,350,351,-1,232,352,353,-1,354,352,232,-1,351,350,232,-1,231,232,350,-1,355,234,233,-1,234,355,235,-1,235,355,356,-1,235,356,236,-1,236,356,357,-1,236,357,237,-1,237,357,358,-1,237,358,238,-1,238,358,239,-1,239,358,359,-1,239,359,240,-1,240,359,241,-1,241,359,360,-1,241,360,242,-1,361,354,232,-1,227,228,349,-1,349,228,229,-1,349,229,350,-1,350,229,230,-1,350,230,231,-1,362,353,363,-1,363,353,352,-1,363,352,364,-1,364,352,354,-1,364,354,365,-1,361,366,354,-1,354,366,367,-1,354,367,365,-1,365,367,368,-1,365,368,369,-1,348,362,370,-1,370,362,363,-1,370,363,371,-1,371,363,364,-1,371,364,372,-1,372,364,365,-1,372,365,373,-1,373,365,369,-1,223,224,374,-1,374,224,225,-1,225,348,374,-1,374,348,370,-1,374,370,375,-1,375,370,371,-1,375,371,376,-1,376,371,372,-1,376,372,377,-1,377,372,373,-1,377,373,378,-1,226,227,348,-1,348,227,349,-1,348,349,362,-1,362,349,351,-1,362,351,353,-1,353,351,232,-1,223,355,222,-1,222,355,233,-1,222,233,221,-1,369,379,373,-1,373,379,380,-1,373,380,378,-1,378,380,381,-1,378,381,382,-1,223,374,355,-1,355,374,375,-1,355,375,356,-1,356,375,376,-1,356,376,357,-1,357,376,377,-1,357,377,358,-1,358,377,378,-1,358,378,359,-1,359,378,382,-1,359,382,360,-1,383,243,384,-1,384,243,277,-1,384,277,385,-1,385,277,276,-1,385,276,386,-1,386,276,275,-1,386,275,387,-1,387,275,262,-1,387,262,388,-1,388,262,261,-1,388,261,389,-1,389,261,257,-1,389,257,390,-1,390,257,256,-1,390,256,391,-1,391,256,252,-1,391,252,392,-1,392,252,250,-1,392,250,393,-1,393,250,125,-1,383,394,395,-1,395,396,383,-1,383,396,397,-1,383,397,398,-1,398,399,383,-1,383,399,158,-1,383,158,243,-1,400,394,401,-1,177,402,308,-1,308,402,403,-1,403,400,308,-1,308,400,401,-1,308,401,309,-1,309,401,404,-1,309,404,279,-1,279,404,405,-1,279,405,280,-1,280,405,406,-1,280,406,282,-1,282,406,407,-1,282,407,283,-1,283,407,408,-1,283,408,292,-1,292,408,409,-1,292,409,291,-1,291,409,410,-1,291,410,290,-1,290,410,411,-1,290,411,289,-1,289,411,412,-1,289,412,197,-1,197,412,413,-1,199,414,347,-1,347,414,415,-1,347,415,340,-1,340,415,416,-1,340,416,341,-1,341,416,417,-1,341,417,313,-1,313,417,418,-1,313,418,314,-1,314,418,419,-1,314,419,328,-1,328,419,420,-1,328,420,329,-1,329,420,421,-1,329,421,330,-1,330,421,422,-1,330,422,331,-1,331,422,423,-1,331,423,322,-1,423,424,322,-1,322,424,425,-1,322,425,220,-1,426,242,427,-1,427,242,360,-1,427,360,428,-1,428,360,382,-1,428,382,429,-1,429,382,381,-1,429,381,430,-1,430,381,380,-1,430,380,431,-1,431,380,379,-1,431,379,432,-1,432,379,369,-1,432,369,433,-1,433,369,368,-1,433,368,434,-1,434,368,367,-1,434,367,435,-1,435,367,366,-1,435,366,436,-1,366,361,436,-1,436,361,232,-1,436,232,425,-1,401,394,437,-1,385,386,438,-1,387,388,439,-1,440,441,442,-1,443,413,412,-1,444,445,446,-1,446,445,443,-1,447,448,441,-1,441,448,449,-1,441,449,442,-1,442,449,450,-1,442,450,451,-1,393,447,392,-1,392,447,441,-1,392,441,391,-1,391,441,440,-1,391,440,390,-1,390,440,389,-1,443,412,446,-1,446,412,411,-1,446,411,452,-1,388,389,439,-1,439,389,440,-1,439,440,453,-1,453,440,442,-1,453,442,454,-1,454,442,451,-1,411,410,452,-1,452,410,409,-1,452,409,455,-1,386,387,438,-1,438,387,439,-1,438,439,456,-1,456,439,453,-1,456,453,457,-1,457,453,454,-1,409,408,455,-1,455,408,407,-1,455,407,458,-1,457,459,456,-1,456,459,460,-1,456,460,438,-1,438,460,461,-1,438,461,385,-1,462,444,463,-1,463,444,446,-1,463,446,464,-1,464,446,452,-1,464,452,465,-1,465,452,455,-1,465,455,466,-1,466,455,458,-1,466,458,467,-1,467,458,437,-1,467,437,394,-1,394,383,461,-1,461,383,384,-1,461,384,385,-1,459,468,460,-1,460,468,469,-1,460,469,461,-1,461,469,394,-1,468,470,469,-1,469,470,394,-1,407,406,458,-1,458,406,405,-1,458,405,437,-1,437,405,404,-1,437,404,401,-1,451,462,454,-1,454,462,463,-1,454,463,457,-1,457,463,464,-1,457,464,459,-1,459,464,465,-1,459,465,468,-1,468,465,466,-1,468,466,470,-1,470,466,467,-1,470,467,394,-1,430,431,471,-1,472,473,474,-1,425,475,476,-1,477,475,425,-1,474,473,425,-1,436,425,473,-1,478,479,480,-1,479,478,481,-1,481,478,482,-1,481,482,483,-1,483,482,484,-1,483,484,485,-1,485,484,486,-1,485,486,487,-1,487,486,488,-1,488,486,489,-1,488,489,490,-1,490,489,491,-1,491,489,415,-1,491,415,414,-1,424,477,425,-1,432,433,472,-1,472,433,434,-1,472,434,473,-1,473,434,435,-1,473,435,436,-1,492,476,493,-1,493,476,475,-1,493,475,494,-1,494,475,477,-1,494,477,495,-1,424,423,477,-1,477,423,422,-1,477,422,495,-1,495,422,421,-1,495,421,420,-1,471,492,496,-1,496,492,493,-1,496,493,497,-1,497,493,494,-1,497,494,498,-1,498,494,495,-1,498,495,499,-1,499,495,420,-1,428,429,500,-1,500,429,430,-1,430,471,500,-1,500,471,496,-1,500,496,501,-1,501,496,497,-1,501,497,502,-1,502,497,498,-1,502,498,503,-1,503,498,499,-1,503,499,504,-1,431,432,471,-1,471,432,472,-1,471,472,492,-1,492,472,474,-1,492,474,476,-1,476,474,425,-1,428,478,427,-1,427,478,480,-1,427,480,426,-1,420,419,499,-1,499,419,418,-1,499,418,504,-1,504,418,417,-1,504,417,416,-1,428,500,478,-1,478,500,501,-1,478,501,482,-1,482,501,502,-1,482,502,484,-1,484,502,503,-1,484,503,486,-1,486,503,504,-1,486,504,489,-1,489,504,416,-1,489,416,415,-1,413,443,505,-1,505,443,506,-1,506,443,507,-1,507,443,445,-1,507,445,508,-1,508,445,444,-1,508,444,509,-1,509,444,462,-1,509,462,510,-1,510,462,451,-1,510,451,511,-1,511,451,450,-1,511,450,512,-1,512,450,449,-1,512,449,513,-1,513,449,448,-1,513,448,514,-1,448,447,514,-1,514,447,393,-1,514,393,515,-1,426,480,515,-1,515,480,514,-1,514,480,513,-1,513,480,479,-1,513,479,512,-1,512,479,481,-1,512,481,511,-1,511,481,483,-1,511,483,510,-1,510,483,485,-1,510,485,509,-1,509,485,487,-1,509,487,508,-1,508,487,488,-1,508,488,507,-1,507,488,490,-1,507,490,506,-1,490,491,506,-1,506,491,414,-1,506,414,505,-1,
        ]
    }
}